accountNumber,type,amount,frequency
100000001,rent_payment,3503.58,monthly
100000001,savings_transfer,487.07,monthly
100000002,mortgage_payment,10585.78,monthly
100000002,savings_transfer,2096.7,monthly
100000003,mortgage_payment,1604.14,monthly
100000003,savings_transfer,167.39,monthly
100000004,mortgage_payment,5044.89,monthly
100000004,savings_transfer,641.53,monthly
100000005,rent_payment,1786.2,monthly
100000005,savings_transfer,370.71,monthly
100000006,rent_payment,2700.65,monthly
100000006,savings_transfer,364.47,monthly
100000007,mortgage_payment,2364.67,monthly
100000007,savings_transfer,259.24,monthly
100000008,rent_payment,2935.79,monthly
100000008,savings_transfer,744.8,monthly
100000009,mortgage_payment,3295.0,monthly
100000009,savings_transfer,574.32,monthly
100000010,rent_payment,2026.24,monthly
100000010,savings_transfer,237.47,monthly
100000011,mortgage_payment,1268.47,monthly
100000011,savings_transfer,270.32,monthly
100000012,rent_payment,5133.14,monthly
100000012,savings_transfer,1063.23,monthly
100000013,rent_payment,2937.77,monthly
100000013,savings_transfer,841.94,monthly
100000014,rent_payment,5194.57,monthly
100000014,savings_transfer,1215.82,monthly
100000015,rent_payment,2512.35,monthly
100000015,savings_transfer,364.71,monthly
100000016,rent_payment,2249.8,monthly
100000016,savings_transfer,527.1,monthly
100000017,rent_payment,1262.44,monthly
100000017,savings_transfer,220.42,monthly
100000018,rent_payment,1320.32,monthly
100000018,savings_transfer,594.89,monthly
100000019,mortgage_payment,11351.54,monthly
100000019,savings_transfer,2567.84,monthly
100000020,rent_payment,3143.94,monthly
100000020,savings_transfer,1246.59,monthly
100000021,rent_payment,1820.78,monthly
100000021,savings_transfer,421.91,monthly
100000022,rent_payment,2181.69,monthly
100000022,savings_transfer,567.5,monthly
100000023,mortgage_payment,5037.5,monthly
100000023,savings_transfer,1311.9,monthly
100000024,rent_payment,4650.11,monthly
100000024,savings_transfer,1214.48,monthly
100000025,mortgage_payment,3975.33,monthly
100000025,savings_transfer,1059.24,monthly
100000026,rent_payment,1960.04,monthly
100000026,savings_transfer,687.85,monthly
100000027,mortgage_payment,3686.07,monthly
100000027,savings_transfer,1234.73,monthly
100000028,rent_payment,2071.74,monthly
100000028,savings_transfer,596.06,monthly
100000029,mortgage_payment,3034.1,monthly
100000029,savings_transfer,533.26,monthly
100000030,rent_payment,10818.44,monthly
100000030,savings_transfer,2265.28,monthly
100000031,rent_payment,1243.66,monthly
100000031,savings_transfer,322.81,monthly
100000032,rent_payment,1711.37,monthly
100000033,rent_payment,2818.93,monthly
100000033,savings_transfer,525.13,monthly
100000034,mortgage_payment,8397.61,monthly
100000034,savings_transfer,1866.4,monthly
100000035,rent_payment,2364.57,monthly
100000035,savings_transfer,199.25,monthly
100000036,rent_payment,2526.65,monthly
100000036,savings_transfer,743.86,monthly
100000037,rent_payment,2870.79,monthly
100000037,savings_transfer,785.04,monthly
100000038,mortgage_payment,6883.78,monthly
100000038,savings_transfer,1599.78,monthly
100000039,mortgage_payment,2632.53,monthly
100000039,savings_transfer,585.3,monthly
100000040,rent_payment,2806.26,monthly
100000040,savings_transfer,608.87,monthly
100000041,rent_payment,8970.83,monthly
100000041,savings_transfer,2559.04,monthly
100000042,rent_payment,1449.35,monthly
100000042,savings_transfer,322.06,monthly
100000043,mortgage_payment,8202.0,monthly
100000043,savings_transfer,2833.17,monthly
100000044,rent_payment,2943.74,monthly
100000044,savings_transfer,820.4,monthly
100000045,mortgage_payment,10227.26,monthly
100000045,savings_transfer,3787.17,monthly
100000046,mortgage_payment,4790.8,monthly
100000046,savings_transfer,676.74,monthly
100000047,mortgage_payment,2445.57,monthly
100000047,savings_transfer,481.88,monthly
100000048,rent_payment,7554.7,monthly
100000048,savings_transfer,2410.39,monthly
100000049,mortgage_payment,11813.23,monthly
100000049,savings_transfer,3447.09,monthly
100000050,rent_payment,1913.78,monthly
100000050,savings_transfer,488.1,monthly
100000051,mortgage_payment,2055.49,monthly
100000051,savings_transfer,414.1,monthly
100000052,mortgage_payment,2857.31,monthly
100000052,savings_transfer,732.36,monthly
100000053,rent_payment,6376.93,monthly
100000053,savings_transfer,2561.42,monthly
100000054,rent_payment,1344.56,monthly
100000055,mortgage_payment,3666.9,monthly
100000055,savings_transfer,856.73,monthly
100000056,mortgage_payment,6252.67,monthly
100000056,savings_transfer,1737.91,monthly
100000057,rent_payment,7815.35,monthly
100000057,savings_transfer,3091.8,monthly
100000058,rent_payment,1904.67,monthly
100000058,savings_transfer,366.06,monthly
100000059,rent_payment,2834.13,monthly
100000059,savings_transfer,227.46,monthly
100000060,rent_payment,1938.41,monthly
100000060,savings_transfer,499.78,monthly
100000061,rent_payment,6648.86,monthly
100000061,savings_transfer,1537.58,monthly
100000062,mortgage_payment,2354.8,monthly
100000062,savings_transfer,355.2,monthly
100000063,rent_payment,2472.73,monthly
100000063,savings_transfer,736.38,monthly
100000064,rent_payment,2407.72,monthly
100000064,savings_transfer,475.87,monthly
100000065,mortgage_payment,2022.52,monthly
100000065,savings_transfer,251.49,monthly
100000066,rent_payment,1971.74,monthly
100000066,savings_transfer,662.79,monthly
100000067,rent_payment,5815.36,monthly
100000067,savings_transfer,2514.74,monthly
100000068,rent_payment,10631.16,monthly
100000068,savings_transfer,3051.52,monthly
100000069,rent_payment,7074.44,monthly
100000069,savings_transfer,2076.26,monthly
100000070,mortgage_payment,2919.85,monthly
100000070,savings_transfer,505.42,monthly
100000071,mortgage_payment,2509.37,monthly
100000071,savings_transfer,487.3,monthly
100000072,rent_payment,3115.53,monthly
100000072,savings_transfer,446.9,monthly
100000073,rent_payment,6536.08,monthly
100000073,savings_transfer,2026.54,monthly
100000074,rent_payment,4247.12,monthly
100000074,savings_transfer,1296.86,monthly
100000075,rent_payment,4594.8,monthly
100000075,savings_transfer,448.47,monthly
100000076,rent_payment,3814.47,monthly
100000076,savings_transfer,1202.53,monthly
100000077,mortgage_payment,14797.41,monthly
100000077,savings_transfer,2882.39,monthly
100000078,rent_payment,1033.54,monthly
100000078,savings_transfer,249.86,monthly
100000079,mortgage_payment,2397.27,monthly
100000079,savings_transfer,552.94,monthly
100000080,mortgage_payment,5345.14,monthly
100000080,savings_transfer,1040.85,monthly
100000081,rent_payment,1413.86,monthly
100000081,savings_transfer,361.32,monthly
100000082,mortgage_payment,1319.77,monthly
100000082,savings_transfer,275.02,monthly
100000083,rent_payment,2615.47,monthly
100000083,savings_transfer,462.94,monthly
100000084,rent_payment,8534.1,monthly
100000084,savings_transfer,3103.06,monthly
100000085,rent_payment,2374.63,monthly
100000085,savings_transfer,479.49,monthly
100000086,rent_payment,1251.0,monthly
100000086,savings_transfer,179.29,monthly
100000087,rent_payment,2615.98,monthly
100000087,savings_transfer,1033.75,monthly
100000088,rent_payment,10659.49,monthly
100000088,savings_transfer,2691.65,monthly
100000089,mortgage_payment,2144.41,monthly
100000089,savings_transfer,755.61,monthly
100000090,rent_payment,2790.35,monthly
100000090,savings_transfer,331.66,monthly
100000091,rent_payment,1468.75,monthly
100000091,savings_transfer,161.79,monthly
100000092,rent_payment,3157.14,monthly
100000092,savings_transfer,477.65,monthly
100000093,mortgage_payment,8119.55,monthly
100000093,savings_transfer,2061.87,monthly
100000094,mortgage_payment,14027.84,monthly
100000094,savings_transfer,2521.43,monthly
100000095,rent_payment,1413.81,monthly
100000095,savings_transfer,261.52,monthly
100000096,rent_payment,3054.1,monthly
100000096,savings_transfer,722.02,monthly
100000097,rent_payment,3097.37,monthly
100000097,savings_transfer,602.18,monthly
100000098,rent_payment,3089.71,monthly
100000098,savings_transfer,854.15,monthly
100000099,rent_payment,4016.48,monthly
100000099,savings_transfer,851.6,monthly
100000100,rent_payment,2293.52,monthly
100000100,savings_transfer,381.82,monthly
100000101,mortgage_payment,3243.17,monthly
100000101,savings_transfer,543.24,monthly
100000102,mortgage_payment,2510.44,monthly
100000102,savings_transfer,469.41,monthly
100000103,mortgage_payment,4578.23,monthly
100000103,savings_transfer,801.57,monthly
100000104,mortgage_payment,9858.41,monthly
100000104,savings_transfer,1718.72,monthly
100000105,rent_payment,1406.58,monthly
100000106,rent_payment,954.26,monthly
100000107,mortgage_payment,1680.23,monthly
100000108,rent_payment,6855.24,monthly
100000108,savings_transfer,1267.88,monthly
100000109,mortgage_payment,4715.05,monthly
100000109,savings_transfer,1021.91,monthly
100000110,rent_payment,2741.92,monthly
100000110,savings_transfer,321.77,monthly
100000111,mortgage_payment,2093.66,monthly
100000111,savings_transfer,521.04,monthly
100000112,mortgage_payment,4367.86,monthly
100000112,savings_transfer,898.28,monthly
100000113,rent_payment,8160.55,monthly
100000113,savings_transfer,2044.04,monthly
100000114,rent_payment,8139.93,monthly
100000114,savings_transfer,2135.22,monthly
100000115,rent_payment,3027.62,monthly
100000115,savings_transfer,559.14,monthly
100000116,mortgage_payment,1772.95,monthly
100000116,savings_transfer,174.33,monthly
100000117,rent_payment,1379.48,monthly
100000117,savings_transfer,162.95,monthly
100000118,rent_payment,7642.71,monthly
100000118,savings_transfer,3188.25,monthly
100000119,rent_payment,1771.98,monthly
100000119,savings_transfer,389.9,monthly
100000120,mortgage_payment,3237.83,monthly
100000120,savings_transfer,774.51,monthly
100000121,rent_payment,1579.21,monthly
100000121,savings_transfer,282.99,monthly
100000122,rent_payment,3438.08,monthly
100000122,savings_transfer,802.1,monthly
100000123,rent_payment,1108.56,monthly
100000124,rent_payment,10461.77,monthly
100000124,savings_transfer,2492.31,monthly
100000125,rent_payment,4038.5,monthly
100000125,savings_transfer,486.91,monthly
100000126,rent_payment,2358.26,monthly
100000126,savings_transfer,263.19,monthly
100000127,rent_payment,951.76,monthly
100000128,rent_payment,3263.14,monthly
100000128,savings_transfer,803.44,monthly
100000129,rent_payment,2305.53,monthly
100000129,savings_transfer,507.26,monthly
100000130,rent_payment,1699.38,monthly
100000131,rent_payment,4766.83,monthly
100000131,savings_transfer,2126.67,monthly
100000132,mortgage_payment,3057.16,monthly
100000132,savings_transfer,628.56,monthly
100000133,rent_payment,1145.68,monthly
100000133,savings_transfer,186.1,monthly
100000134,rent_payment,3139.99,monthly
100000134,savings_transfer,450.23,monthly
100000135,rent_payment,7398.07,monthly
100000135,savings_transfer,2761.89,monthly
100000136,rent_payment,4684.0,monthly
100000136,savings_transfer,1169.89,monthly
100000137,rent_payment,1339.38,monthly
100000138,rent_payment,1425.14,monthly
100000138,savings_transfer,301.67,monthly
100000139,mortgage_payment,3478.03,monthly
100000139,savings_transfer,456.6,monthly
100000140,mortgage_payment,3565.34,monthly
100000140,savings_transfer,784.57,monthly
100000141,rent_payment,3399.67,monthly
100000141,savings_transfer,994.61,monthly
100000142,rent_payment,6819.94,monthly
100000142,savings_transfer,1290.05,monthly
100000143,rent_payment,5741.79,monthly
100000143,savings_transfer,921.21,monthly
100000144,rent_payment,1339.55,monthly
100000145,rent_payment,4933.94,monthly
100000145,savings_transfer,862.36,monthly
100000146,mortgage_payment,4696.76,monthly
100000146,savings_transfer,1171.13,monthly
100000147,rent_payment,2953.95,monthly
100000147,savings_transfer,603.69,monthly
100000148,rent_payment,2427.0,monthly
100000148,savings_transfer,417.92,monthly
100000149,mortgage_payment,2871.36,monthly
100000149,savings_transfer,501.79,monthly
100000150,rent_payment,1276.25,monthly
100000150,savings_transfer,410.53,monthly
100000151,mortgage_payment,2353.43,monthly
100000151,savings_transfer,294.73,monthly
100000152,rent_payment,2006.72,monthly
100000152,savings_transfer,525.04,monthly
100000153,rent_payment,2678.29,monthly
100000153,savings_transfer,397.7,monthly
100000154,rent_payment,2346.53,monthly
100000154,savings_transfer,792.24,monthly
100000155,rent_payment,1896.99,monthly
100000155,savings_transfer,175.57,monthly
100000156,rent_payment,7741.96,monthly
100000156,savings_transfer,2692.42,monthly
100000157,mortgage_payment,6356.13,monthly
100000157,savings_transfer,1114.65,monthly
100000158,rent_payment,1710.11,monthly
100000158,savings_transfer,455.66,monthly
100000159,rent_payment,3259.5,monthly
100000159,savings_transfer,991.01,monthly
100000160,rent_payment,2524.86,monthly
100000160,savings_transfer,548.83,monthly
100000161,rent_payment,5171.35,monthly
100000161,savings_transfer,930.33,monthly
100000162,rent_payment,4166.14,monthly
100000162,savings_transfer,552.61,monthly
100000163,mortgage_payment,3504.36,monthly
100000163,savings_transfer,455.56,monthly
100000164,mortgage_payment,3584.44,monthly
100000164,savings_transfer,709.04,monthly
100000165,mortgage_payment,2495.76,monthly
100000165,savings_transfer,389.13,monthly
100000166,rent_payment,2826.95,monthly
100000166,savings_transfer,647.99,monthly
100000167,mortgage_payment,14279.38,monthly
100000167,savings_transfer,2690.49,monthly
100000168,mortgage_payment,10019.86,monthly
100000168,savings_transfer,3381.14,monthly
100000169,mortgage_payment,2064.19,monthly
100000169,savings_transfer,433.9,monthly
100000170,mortgage_payment,2284.55,monthly
100000171,mortgage_payment,8829.3,monthly
100000171,savings_transfer,2624.06,monthly
100000172,mortgage_payment,3884.72,monthly
100000172,savings_transfer,1123.28,monthly
100000173,mortgage_payment,1404.84,monthly
100000173,savings_transfer,264.42,monthly
100000174,rent_payment,2401.42,monthly
100000174,savings_transfer,515.68,monthly
100000175,mortgage_payment,3696.77,monthly
100000175,savings_transfer,848.7,monthly
100000176,rent_payment,5404.73,monthly
100000176,savings_transfer,1755.01,monthly
100000177,mortgage_payment,3967.9,monthly
100000177,savings_transfer,1000.01,monthly
100000178,rent_payment,1343.79,monthly
100000178,savings_transfer,314.57,monthly
100000179,mortgage_payment,1694.05,monthly
100000179,savings_transfer,215.07,monthly
100000180,mortgage_payment,1795.21,monthly
100000180,savings_transfer,264.2,monthly
100000181,mortgage_payment,10857.88,monthly
100000181,savings_transfer,2204.08,monthly
100000182,mortgage_payment,8144.15,monthly
100000182,savings_transfer,3375.99,monthly
100000183,rent_payment,1872.87,monthly
100000183,savings_transfer,409.79,monthly
100000184,mortgage_payment,10845.45,monthly
100000184,savings_transfer,2533.24,monthly
100000185,mortgage_payment,3557.17,monthly
100000185,savings_transfer,1008.69,monthly
100000186,mortgage_payment,3747.91,monthly
100000186,savings_transfer,926.57,monthly
100000187,rent_payment,2013.8,monthly
100000187,savings_transfer,364.17,monthly
100000188,mortgage_payment,3904.48,monthly
100000188,savings_transfer,609.07,monthly
100000189,mortgage_payment,4796.81,monthly
100000189,savings_transfer,945.2,monthly
100000190,rent_payment,3386.69,monthly
100000190,savings_transfer,1081.08,monthly
100000191,mortgage_payment,2934.64,monthly
100000191,savings_transfer,803.38,monthly
100000192,rent_payment,1016.99,monthly
100000192,savings_transfer,258.99,monthly
100000193,mortgage_payment,3375.29,monthly
100000193,savings_transfer,509.56,monthly
100000194,mortgage_payment,2930.55,monthly
100000194,savings_transfer,586.83,monthly
100000195,rent_payment,6499.65,monthly
100000195,savings_transfer,1288.26,monthly
100000196,mortgage_payment,3766.25,monthly
100000196,savings_transfer,511.32,monthly
100000197,rent_payment,2334.87,monthly
100000197,savings_transfer,591.39,monthly
100000198,mortgage_payment,6318.77,monthly
100000198,savings_transfer,1411.73,monthly
100000199,mortgage_payment,2977.41,monthly
100000199,savings_transfer,1084.28,monthly
100000200,rent_payment,11573.25,monthly
100000200,savings_transfer,3200.29,monthly
100000201,mortgage_payment,5722.82,monthly
100000201,savings_transfer,1772.08,monthly
100000202,rent_payment,1594.7,monthly
100000203,mortgage_payment,6232.71,monthly
100000203,savings_transfer,2298.0,monthly
100000204,rent_payment,2049.34,monthly
100000204,savings_transfer,581.9,monthly
100000205,mortgage_payment,2971.88,monthly
100000205,savings_transfer,486.38,monthly
100000206,mortgage_payment,1389.61,monthly
100000206,savings_transfer,262.68,monthly
100000207,mortgage_payment,3321.52,monthly
100000207,savings_transfer,638.57,monthly
100000208,rent_payment,2705.67,monthly
100000208,savings_transfer,465.0,monthly
100000209,rent_payment,5171.81,monthly
100000209,savings_transfer,1163.33,monthly
100000210,rent_payment,6612.16,monthly
100000210,savings_transfer,2876.05,monthly
100000211,mortgage_payment,7200.17,monthly
100000211,savings_transfer,1305.84,monthly
100000212,rent_payment,1236.46,monthly
100000213,rent_payment,1059.25,monthly
100000214,rent_payment,2162.05,monthly
100000214,savings_transfer,296.1,monthly
100000215,mortgage_payment,5432.8,monthly
100000215,savings_transfer,1569.9,monthly
100000216,rent_payment,5348.87,monthly
100000216,savings_transfer,1837.24,monthly
100000217,rent_payment,3136.88,monthly
100000217,savings_transfer,685.32,monthly
100000218,rent_payment,2033.52,monthly
100000218,savings_transfer,729.97,monthly
100000219,rent_payment,4984.42,monthly
100000219,savings_transfer,1321.76,monthly
100000220,rent_payment,1155.48,monthly
100000220,savings_transfer,156.3,monthly
100000221,mortgage_payment,7529.91,monthly
100000221,savings_transfer,2217.78,monthly
100000222,rent_payment,890.85,monthly
100000223,mortgage_payment,1943.91,monthly
100000223,savings_transfer,320.67,monthly
100000224,mortgage_payment,5706.94,monthly
100000224,savings_transfer,1077.12,monthly
100000225,rent_payment,7171.83,monthly
100000225,savings_transfer,2585.22,monthly
100000226,rent_payment,10651.43,monthly
100000226,savings_transfer,3847.03,monthly
100000227,rent_payment,1875.93,monthly
100000227,savings_transfer,593.18,monthly
100000228,rent_payment,4786.14,monthly
100000228,savings_transfer,1504.01,monthly
100000229,rent_payment,1502.26,monthly
100000229,savings_transfer,496.54,monthly
100000230,rent_payment,1562.42,monthly
100000230,savings_transfer,175.76,monthly
100000231,mortgage_payment,3995.27,monthly
100000231,savings_transfer,782.98,monthly
100000232,mortgage_payment,8439.39,monthly
100000232,savings_transfer,1689.66,monthly
100000233,mortgage_payment,2411.01,monthly
100000233,savings_transfer,627.3,monthly
100000234,rent_payment,1615.35,monthly
100000234,savings_transfer,352.83,monthly
100000235,rent_payment,2276.15,monthly
100000235,savings_transfer,427.17,monthly
100000236,mortgage_payment,4247.84,monthly
100000236,savings_transfer,492.89,monthly
100000237,rent_payment,1880.24,monthly
100000238,mortgage_payment,2513.04,monthly
100000238,savings_transfer,388.01,monthly
100000239,rent_payment,1736.64,monthly
100000239,savings_transfer,411.04,monthly
100000240,mortgage_payment,4933.71,monthly
100000240,savings_transfer,1182.5,monthly
100000241,rent_payment,3462.48,monthly
100000241,savings_transfer,787.58,monthly
100000242,rent_payment,2006.57,monthly
100000242,savings_transfer,467.45,monthly
100000243,rent_payment,2664.2,monthly
100000243,savings_transfer,662.62,monthly
100000244,rent_payment,2214.03,monthly
100000244,savings_transfer,297.96,monthly
100000245,rent_payment,3443.69,monthly
100000245,savings_transfer,1210.65,monthly
100000246,mortgage_payment,3363.6,monthly
100000246,savings_transfer,498.41,monthly
100000247,mortgage_payment,7650.51,monthly
100000247,savings_transfer,2492.31,monthly
100000248,rent_payment,2350.85,monthly
100000248,savings_transfer,722.73,monthly
100000249,rent_payment,857.98,monthly
100000250,mortgage_payment,5603.32,monthly
100000250,savings_transfer,328.2,monthly
100000251,rent_payment,5585.19,monthly
100000251,savings_transfer,1347.12,monthly
100000252,rent_payment,4620.91,monthly
100000252,savings_transfer,1219.29,monthly
100000253,mortgage_payment,2324.48,monthly
100000253,savings_transfer,487.33,monthly
100000254,rent_payment,2512.74,monthly
100000254,savings_transfer,822.05,monthly
100000255,rent_payment,9202.85,monthly
100000255,savings_transfer,1620.96,monthly
100000256,mortgage_payment,6803.62,monthly
100000256,savings_transfer,2015.54,monthly
100000257,rent_payment,3163.42,monthly
100000257,savings_transfer,1115.41,monthly
100000258,mortgage_payment,7603.93,monthly
100000258,savings_transfer,1613.58,monthly
100000259,mortgage_payment,12161.06,monthly
100000259,savings_transfer,3336.09,monthly
100000260,rent_payment,1667.24,monthly
100000260,savings_transfer,448.45,monthly
100000261,rent_payment,1335.84,monthly
100000262,rent_payment,2501.24,monthly
100000262,savings_transfer,509.42,monthly
100000263,rent_payment,1400.1,monthly
100000263,savings_transfer,250.82,monthly
100000264,rent_payment,2687.04,monthly
100000264,savings_transfer,420.3,monthly
100000265,rent_payment,1921.62,monthly
100000265,savings_transfer,640.37,monthly
100000266,rent_payment,9838.94,monthly
100000266,savings_transfer,2398.98,monthly
100000267,rent_payment,2592.5,monthly
100000267,savings_transfer,1055.82,monthly
100000268,rent_payment,5322.63,monthly
100000268,savings_transfer,471.55,monthly
100000269,rent_payment,4412.59,monthly
100000269,savings_transfer,381.29,monthly
100000270,mortgage_payment,3799.65,monthly
100000270,savings_transfer,1123.76,monthly
100000271,rent_payment,12338.12,monthly
100000271,savings_transfer,3125.94,monthly
100000272,mortgage_payment,12426.83,monthly
100000272,savings_transfer,2809.96,monthly
100000273,rent_payment,2063.03,monthly
100000273,savings_transfer,257.35,monthly
100000274,mortgage_payment,2607.33,monthly
100000274,savings_transfer,393.25,monthly
100000275,mortgage_payment,11213.23,monthly
100000275,savings_transfer,2777.87,monthly
100000276,mortgage_payment,4730.3,monthly
100000276,savings_transfer,729.09,monthly
100000277,rent_payment,3660.95,monthly
100000277,savings_transfer,685.23,monthly
100000278,mortgage_payment,4449.86,monthly
100000278,savings_transfer,801.87,monthly
100000279,mortgage_payment,4034.48,monthly
100000279,savings_transfer,618.49,monthly
100000280,rent_payment,8574.8,monthly
100000280,savings_transfer,2839.95,monthly
100000281,mortgage_payment,1578.39,monthly
100000281,savings_transfer,280.21,monthly
100000282,rent_payment,1841.84,monthly
100000282,savings_transfer,339.22,monthly
100000283,mortgage_payment,2553.43,monthly
100000283,savings_transfer,557.81,monthly
100000284,rent_payment,3379.56,monthly
100000284,savings_transfer,964.54,monthly
100000285,rent_payment,1456.04,monthly
100000285,savings_transfer,162.93,monthly
100000286,mortgage_payment,5947.06,monthly
100000286,savings_transfer,461.67,monthly
100000287,rent_payment,2726.35,monthly
100000287,savings_transfer,890.8,monthly
100000288,rent_payment,4351.75,monthly
100000288,savings_transfer,982.67,monthly
100000289,rent_payment,4662.74,monthly
100000289,savings_transfer,956.09,monthly
100000290,mortgage_payment,7434.04,monthly
100000290,savings_transfer,1411.52,monthly
100000291,rent_payment,1180.47,monthly
100000291,savings_transfer,319.98,monthly
100000292,rent_payment,9884.72,monthly
100000292,savings_transfer,4143.14,monthly
100000293,rent_payment,7110.4,monthly
100000293,savings_transfer,2243.56,monthly
100000294,mortgage_payment,3777.42,monthly
100000294,savings_transfer,681.53,monthly
100000295,mortgage_payment,6803.21,monthly
100000295,savings_transfer,1830.68,monthly
100000296,rent_payment,10238.78,monthly
100000296,savings_transfer,2854.09,monthly
100000297,rent_payment,2150.32,monthly
100000297,savings_transfer,559.74,monthly
100000298,rent_payment,2274.68,monthly
100000298,savings_transfer,619.25,monthly
100000299,rent_payment,4085.19,monthly
100000299,savings_transfer,619.45,monthly
100000300,rent_payment,3647.06,monthly
100000300,savings_transfer,777.38,monthly
100000301,rent_payment,2058.09,monthly
100000301,savings_transfer,233.51,monthly
100000302,rent_payment,2355.13,monthly
100000302,savings_transfer,554.85,monthly
100000303,mortgage_payment,3671.35,monthly
100000303,savings_transfer,1176.79,monthly
100000304,rent_payment,1230.58,monthly
100000305,rent_payment,3887.76,monthly
100000305,savings_transfer,1174.26,monthly
100000306,rent_payment,6114.21,monthly
100000306,savings_transfer,2516.18,monthly
100000307,rent_payment,1846.18,monthly
100000308,mortgage_payment,3456.02,monthly
100000308,savings_transfer,553.26,monthly
100000309,rent_payment,1466.08,monthly
100000309,savings_transfer,253.69,monthly
100000310,mortgage_payment,4518.05,monthly
100000310,savings_transfer,1422.36,monthly
100000311,rent_payment,2606.8,monthly
100000312,rent_payment,2896.53,monthly
100000312,savings_transfer,976.99,monthly
100000313,rent_payment,2146.72,monthly
100000313,savings_transfer,241.38,monthly
100000314,mortgage_payment,5569.94,monthly
100000314,savings_transfer,1446.38,monthly
100000315,rent_payment,4173.6,monthly
100000315,savings_transfer,956.05,monthly
100000316,rent_payment,3425.25,monthly
100000316,savings_transfer,799.18,monthly
100000317,mortgage_payment,6538.89,monthly
100000317,savings_transfer,875.2,monthly
100000318,mortgage_payment,9794.58,monthly
100000318,savings_transfer,2703.46,monthly
100000319,mortgage_payment,5313.41,monthly
100000319,savings_transfer,878.96,monthly
100000320,mortgage_payment,2372.18,monthly
100000320,savings_transfer,344.03,monthly
100000321,rent_payment,3655.79,monthly
100000321,savings_transfer,902.53,monthly
100000322,rent_payment,1959.76,monthly
100000322,savings_transfer,831.98,monthly
100000323,mortgage_payment,6269.52,monthly
100000323,savings_transfer,2059.57,monthly
100000324,rent_payment,2239.37,monthly
100000324,savings_transfer,835.21,monthly
100000325,mortgage_payment,4125.0,monthly
100000325,savings_transfer,959.25,monthly
100000326,rent_payment,6321.86,monthly
100000326,savings_transfer,1492.8,monthly
100000327,mortgage_payment,10157.97,monthly
100000327,savings_transfer,2711.32,monthly
100000328,rent_payment,2396.21,monthly
100000328,savings_transfer,608.84,monthly
100000329,rent_payment,973.62,monthly
100000329,savings_transfer,200.41,monthly
100000330,rent_payment,4008.72,monthly
100000330,savings_transfer,1439.56,monthly
100000331,rent_payment,8686.75,monthly
100000331,savings_transfer,3010.98,monthly
100000332,rent_payment,1990.19,monthly
100000332,savings_transfer,583.87,monthly
100000333,mortgage_payment,3587.01,monthly
100000333,savings_transfer,531.53,monthly
100000334,rent_payment,2401.64,monthly
100000334,savings_transfer,395.25,monthly
100000335,rent_payment,2620.29,monthly
100000335,savings_transfer,425.74,monthly
100000336,rent_payment,2108.23,monthly
100000336,savings_transfer,498.2,monthly
100000337,mortgage_payment,6355.03,monthly
100000337,savings_transfer,1771.24,monthly
100000338,mortgage_payment,9669.18,monthly
100000338,savings_transfer,2997.45,monthly
100000339,mortgage_payment,8112.14,monthly
100000339,savings_transfer,1392.45,monthly
100000340,rent_payment,2839.18,monthly
100000340,savings_transfer,456.71,monthly
100000341,mortgage_payment,4339.27,monthly
100000341,savings_transfer,880.92,monthly
100000342,mortgage_payment,9838.16,monthly
100000342,savings_transfer,1592.85,monthly
100000343,rent_payment,9107.25,monthly
100000343,savings_transfer,1706.78,monthly
100000344,mortgage_payment,2037.18,monthly
100000344,savings_transfer,413.59,monthly
100000345,mortgage_payment,4074.78,monthly
100000345,savings_transfer,1016.68,monthly
100000346,mortgage_payment,2169.29,monthly
100000346,savings_transfer,344.07,monthly
100000347,mortgage_payment,1810.72,monthly
100000347,savings_transfer,313.57,monthly
100000348,rent_payment,1546.33,monthly
100000348,savings_transfer,199.11,monthly
100000349,mortgage_payment,5507.17,monthly
100000349,savings_transfer,1798.44,monthly
100000350,rent_payment,9743.41,monthly
100000350,savings_transfer,3852.84,monthly
100000351,rent_payment,1855.02,monthly
100000351,savings_transfer,164.24,monthly
100000352,mortgage_payment,4894.15,monthly
100000352,savings_transfer,1174.14,monthly
100000353,rent_payment,4459.32,monthly
100000353,savings_transfer,828.24,monthly
100000354,rent_payment,3251.69,monthly
100000354,savings_transfer,943.3,monthly
100000355,mortgage_payment,1717.68,monthly
100000356,rent_payment,2800.39,monthly
100000356,savings_transfer,387.01,monthly
100000357,mortgage_payment,2004.98,monthly
100000357,savings_transfer,192.95,monthly
100000358,rent_payment,2288.7,monthly
100000358,savings_transfer,967.64,monthly
100000359,mortgage_payment,4055.39,monthly
100000359,savings_transfer,757.2,monthly
100000360,rent_payment,5403.14,monthly
100000360,savings_transfer,1959.13,monthly
100000361,rent_payment,9859.49,monthly
100000361,savings_transfer,2391.94,monthly
100000362,rent_payment,1802.06,monthly
100000362,savings_transfer,201.65,monthly
100000363,rent_payment,1665.36,monthly
100000363,savings_transfer,255.64,monthly
100000364,mortgage_payment,1167.66,monthly
100000364,savings_transfer,190.37,monthly
100000365,mortgage_payment,3109.27,monthly
100000365,savings_transfer,652.81,monthly
100000366,rent_payment,3722.58,monthly
100000366,savings_transfer,966.23,monthly
100000367,rent_payment,5424.32,monthly
100000367,savings_transfer,1015.16,monthly
100000368,rent_payment,3438.23,monthly
100000368,savings_transfer,850.79,monthly
100000369,mortgage_payment,10142.05,monthly
100000369,savings_transfer,3622.54,monthly
100000370,mortgage_payment,4398.92,monthly
100000370,savings_transfer,1539.55,monthly
100000371,rent_payment,7121.31,monthly
100000371,savings_transfer,2223.93,monthly
100000372,rent_payment,1458.88,monthly
100000373,rent_payment,2512.18,monthly
100000373,savings_transfer,672.45,monthly
100000374,mortgage_payment,3744.26,monthly
100000374,savings_transfer,833.86,monthly
100000375,mortgage_payment,3384.22,monthly
100000375,savings_transfer,727.96,monthly
100000376,rent_payment,4028.74,monthly
100000376,savings_transfer,974.3,monthly
100000377,mortgage_payment,5124.3,monthly
100000377,savings_transfer,1060.89,monthly
100000378,mortgage_payment,2397.38,monthly
100000378,savings_transfer,311.88,monthly
100000379,mortgage_payment,2645.38,monthly
100000379,savings_transfer,625.75,monthly
100000380,rent_payment,2713.34,monthly
100000380,savings_transfer,568.35,monthly
100000381,rent_payment,3422.43,monthly
100000381,savings_transfer,810.94,monthly
100000382,rent_payment,2858.36,monthly
100000382,savings_transfer,429.67,monthly
100000383,rent_payment,2916.09,monthly
100000383,savings_transfer,739.15,monthly
100000384,mortgage_payment,3297.09,monthly
100000384,savings_transfer,581.34,monthly
100000385,rent_payment,4185.35,monthly
100000385,savings_transfer,911.34,monthly
100000386,mortgage_payment,2343.31,monthly
100000386,savings_transfer,399.18,monthly
100000387,rent_payment,8031.59,monthly
100000387,savings_transfer,3055.74,monthly
100000388,rent_payment,2240.77,monthly
100000388,savings_transfer,395.5,monthly
100000389,rent_payment,4919.29,monthly
100000389,savings_transfer,1073.4,monthly
100000390,mortgage_payment,6817.88,monthly
100000390,savings_transfer,1807.76,monthly
100000391,mortgage_payment,13304.92,monthly
100000391,savings_transfer,3147.83,monthly
100000392,rent_payment,5620.58,monthly
100000392,savings_transfer,1908.98,monthly
100000393,mortgage_payment,10823.0,monthly
100000393,savings_transfer,3487.19,monthly
100000394,rent_payment,1633.54,monthly
100000394,savings_transfer,385.29,monthly
100000395,mortgage_payment,1034.42,monthly
100000395,savings_transfer,236.6,monthly
100000396,rent_payment,2833.67,monthly
100000396,savings_transfer,643.52,monthly
100000397,mortgage_payment,4142.88,monthly
100000397,savings_transfer,787.63,monthly
100000398,rent_payment,5814.86,monthly
100000398,savings_transfer,1944.11,monthly
100000399,rent_payment,3828.33,monthly
100000399,savings_transfer,645.78,monthly
100000400,rent_payment,4734.5,monthly
100000400,savings_transfer,1089.05,monthly
100000401,rent_payment,5357.88,monthly
100000401,savings_transfer,1246.21,monthly
100000402,mortgage_payment,3798.91,monthly
100000402,savings_transfer,924.77,monthly
100000403,mortgage_payment,9696.04,monthly
100000403,savings_transfer,1618.22,monthly
100000404,rent_payment,9892.21,monthly
100000404,savings_transfer,1612.25,monthly
100000405,mortgage_payment,3642.82,monthly
100000405,savings_transfer,618.09,monthly
100000406,rent_payment,4886.01,monthly
100000406,savings_transfer,1344.43,monthly
100000407,mortgage_payment,7199.3,monthly
100000407,savings_transfer,2639.84,monthly
100000408,rent_payment,1170.37,monthly
100000408,savings_transfer,341.34,monthly
100000409,rent_payment,4462.37,monthly
100000409,savings_transfer,667.67,monthly
100000410,mortgage_payment,2117.04,monthly
100000410,savings_transfer,281.21,monthly
100000411,rent_payment,2129.84,monthly
100000411,savings_transfer,300.5,monthly
100000412,mortgage_payment,4156.1,monthly
100000412,savings_transfer,457.54,monthly
100000413,mortgage_payment,7524.88,monthly
100000413,savings_transfer,1421.72,monthly
100000414,rent_payment,2081.08,monthly
100000414,savings_transfer,529.72,monthly
100000415,rent_payment,976.02,monthly
100000416,mortgage_payment,5240.06,monthly
100000416,savings_transfer,819.19,monthly
100000417,mortgage_payment,5962.7,monthly
100000417,savings_transfer,1847.29,monthly
100000418,rent_payment,1803.3,monthly
100000418,savings_transfer,517.55,monthly
100000419,mortgage_payment,6520.51,monthly
100000419,savings_transfer,1364.69,monthly
100000420,mortgage_payment,6011.59,monthly
100000420,savings_transfer,2292.55,monthly
100000421,rent_payment,2042.25,monthly
100000421,savings_transfer,473.54,monthly
100000422,mortgage_payment,3861.1,monthly
100000422,savings_transfer,1240.32,monthly
100000423,rent_payment,3226.54,monthly
100000423,savings_transfer,603.94,monthly
100000424,mortgage_payment,4216.68,monthly
100000424,savings_transfer,565.3,monthly
100000425,rent_payment,2634.13,monthly
100000425,savings_transfer,329.47,monthly
100000426,rent_payment,2737.78,monthly
100000426,savings_transfer,437.47,monthly
100000427,rent_payment,964.18,monthly
100000427,savings_transfer,195.16,monthly
100000428,mortgage_payment,4545.12,monthly
100000428,savings_transfer,1013.63,monthly
100000429,rent_payment,1880.58,monthly
100000429,savings_transfer,545.66,monthly
100000430,mortgage_payment,10628.47,monthly
100000430,savings_transfer,2652.78,monthly
100000431,rent_payment,5009.44,monthly
100000431,savings_transfer,1163.65,monthly
100000432,mortgage_payment,3581.22,monthly
100000432,savings_transfer,725.73,monthly
100000433,mortgage_payment,4422.9,monthly
100000433,savings_transfer,882.53,monthly
100000434,mortgage_payment,4082.31,monthly
100000434,savings_transfer,723.44,monthly
100000435,mortgage_payment,2132.83,monthly
100000435,savings_transfer,437.88,monthly
100000436,rent_payment,2115.8,monthly
100000436,savings_transfer,498.77,monthly
100000437,rent_payment,1780.01,monthly
100000437,savings_transfer,388.15,monthly
100000438,rent_payment,958.74,monthly
100000438,savings_transfer,156.43,monthly
100000439,rent_payment,2281.58,monthly
100000439,savings_transfer,487.46,monthly
100000440,mortgage_payment,3176.91,monthly
100000440,savings_transfer,495.35,monthly
100000441,mortgage_payment,4232.62,monthly
100000441,savings_transfer,691.92,monthly
100000442,mortgage_payment,12559.29,monthly
100000442,savings_transfer,2732.65,monthly
100000443,mortgage_payment,5468.22,monthly
100000443,savings_transfer,638.66,monthly
100000444,rent_payment,998.03,monthly
100000444,savings_transfer,153.42,monthly
100000445,rent_payment,1921.51,monthly
100000445,savings_transfer,230.51,monthly
100000446,mortgage_payment,3150.99,monthly
100000446,savings_transfer,464.94,monthly
100000447,rent_payment,2031.4,monthly
100000447,savings_transfer,723.01,monthly
100000448,mortgage_payment,3138.79,monthly
100000448,savings_transfer,553.39,monthly
100000449,rent_payment,2500.74,monthly
100000449,savings_transfer,689.32,monthly
100000450,mortgage_payment,4013.35,monthly
100000450,savings_transfer,1090.56,monthly
100000451,mortgage_payment,5564.27,monthly
100000451,savings_transfer,870.14,monthly
100000452,rent_payment,8113.24,monthly
100000452,savings_transfer,2841.23,monthly
100000453,mortgage_payment,1223.45,monthly
100000453,savings_transfer,270.73,monthly
100000454,rent_payment,9030.44,monthly
100000454,savings_transfer,2193.12,monthly
100000455,rent_payment,1389.67,monthly
100000455,savings_transfer,383.41,monthly
100000456,mortgage_payment,1311.37,monthly
100000456,savings_transfer,404.55,monthly
100000457,rent_payment,1740.24,monthly
100000457,savings_transfer,315.36,monthly
100000458,rent_payment,4868.87,monthly
100000458,savings_transfer,1043.47,monthly
100000459,mortgage_payment,2203.39,monthly
100000459,savings_transfer,173.02,monthly
100000460,mortgage_payment,3878.75,monthly
100000460,savings_transfer,1022.85,monthly
100000461,mortgage_payment,2729.67,monthly
100000461,savings_transfer,643.82,monthly
100000462,rent_payment,8112.7,monthly
100000462,savings_transfer,3101.58,monthly
100000463,mortgage_payment,1620.81,monthly
100000463,savings_transfer,534.25,monthly
100000464,rent_payment,3412.04,monthly
100000464,savings_transfer,1008.34,monthly
100000465,rent_payment,2563.21,monthly
100000465,savings_transfer,342.27,monthly
100000466,rent_payment,1060.16,monthly
100000466,savings_transfer,307.84,monthly
100000467,mortgage_payment,12618.54,monthly
100000467,savings_transfer,2373.7,monthly
100000468,mortgage_payment,2160.33,monthly
100000468,savings_transfer,474.98,monthly
100000469,mortgage_payment,3184.04,monthly
100000469,savings_transfer,414.36,monthly
100000470,mortgage_payment,4615.55,monthly
100000470,savings_transfer,1777.21,monthly
100000471,rent_payment,3433.64,monthly
100000471,savings_transfer,640.34,monthly
100000472,rent_payment,4248.58,monthly
100000472,savings_transfer,902.76,monthly
100000473,rent_payment,2926.52,monthly
100000473,savings_transfer,397.33,monthly
100000474,rent_payment,3449.85,monthly
100000474,savings_transfer,912.66,monthly
100000475,mortgage_payment,2098.72,monthly
100000475,savings_transfer,319.02,monthly
100000476,mortgage_payment,1836.14,monthly
100000476,savings_transfer,310.32,monthly
100000477,rent_payment,5855.0,monthly
100000477,savings_transfer,2408.03,monthly
100000478,rent_payment,1686.98,monthly
100000478,savings_transfer,366.06,monthly
100000479,mortgage_payment,2272.9,monthly
100000479,savings_transfer,337.45,monthly
100000480,rent_payment,4049.52,monthly
100000480,savings_transfer,1133.7,monthly
100000481,rent_payment,1992.75,monthly
100000481,savings_transfer,327.71,monthly
100000482,rent_payment,957.5,monthly
100000482,savings_transfer,236.77,monthly
100000483,mortgage_payment,4276.74,monthly
100000483,savings_transfer,1103.02,monthly
100000484,rent_payment,3111.98,monthly
100000484,savings_transfer,1086.88,monthly
100000485,rent_payment,9550.44,monthly
100000485,savings_transfer,2296.95,monthly
100000486,rent_payment,2460.06,monthly
100000486,savings_transfer,460.76,monthly
100000487,mortgage_payment,8267.78,monthly
100000487,savings_transfer,1449.48,monthly
100000488,rent_payment,3758.44,monthly
100000488,savings_transfer,599.37,monthly
100000489,rent_payment,9247.09,monthly
100000489,savings_transfer,3884.91,monthly
100000490,mortgage_payment,11690.71,monthly
100000490,savings_transfer,2433.55,monthly
100000491,rent_payment,5918.18,monthly
100000491,savings_transfer,622.78,monthly
100000492,mortgage_payment,3848.93,monthly
100000492,savings_transfer,627.64,monthly
100000493,mortgage_payment,2839.42,monthly
100000493,savings_transfer,621.79,monthly
100000494,rent_payment,3561.25,monthly
100000494,savings_transfer,467.71,monthly
100000495,rent_payment,3961.26,monthly
100000495,savings_transfer,455.69,monthly
100000496,rent_payment,1832.21,monthly
100000496,savings_transfer,278.23,monthly
100000497,mortgage_payment,2618.18,monthly
100000497,savings_transfer,854.11,monthly
100000498,rent_payment,2974.5,monthly
100000498,savings_transfer,864.01,monthly
100000499,rent_payment,3090.15,monthly
100000499,savings_transfer,1292.04,monthly
100000500,rent_payment,4498.17,monthly
100000500,savings_transfer,749.55,monthly
100000501,rent_payment,3504.0,monthly
100000501,savings_transfer,1372.84,monthly
100000502,rent_payment,3851.38,monthly
100000502,savings_transfer,589.88,monthly
100000503,mortgage_payment,2247.39,monthly
100000503,savings_transfer,486.42,monthly
100000504,rent_payment,1342.75,monthly
100000504,savings_transfer,172.34,monthly
100000505,mortgage_payment,2922.28,monthly
100000505,savings_transfer,497.89,monthly
100000506,mortgage_payment,7037.78,monthly
100000506,savings_transfer,2461.93,monthly
100000507,rent_payment,1613.83,monthly
100000507,savings_transfer,385.64,monthly
100000508,rent_payment,1787.18,monthly
100000508,savings_transfer,243.41,monthly
100000509,rent_payment,1457.83,monthly
100000510,mortgage_payment,10601.48,monthly
100000510,savings_transfer,2096.89,monthly
100000511,rent_payment,3024.84,monthly
100000511,savings_transfer,1397.15,monthly
100000512,rent_payment,2733.02,monthly
100000512,savings_transfer,744.39,monthly
100000513,rent_payment,1211.59,monthly
100000513,savings_transfer,175.69,monthly
100000514,mortgage_payment,3618.87,monthly
100000514,savings_transfer,412.95,monthly
100000515,mortgage_payment,6619.32,monthly
100000515,savings_transfer,2195.48,monthly
100000516,rent_payment,1235.77,monthly
100000516,savings_transfer,215.55,monthly
100000517,mortgage_payment,4981.25,monthly
100000517,savings_transfer,1542.96,monthly
100000518,mortgage_payment,2739.56,monthly
100000518,savings_transfer,436.11,monthly
100000519,rent_payment,3968.86,monthly
100000519,savings_transfer,1128.95,monthly
100000520,rent_payment,4118.72,monthly
100000520,savings_transfer,767.24,monthly
100000521,rent_payment,4301.74,monthly
100000521,savings_transfer,1160.92,monthly
100000522,rent_payment,10904.73,monthly
100000522,savings_transfer,3563.94,monthly
100000523,mortgage_payment,5331.13,monthly
100000523,savings_transfer,1970.03,monthly
100000524,mortgage_payment,5306.93,monthly
100000524,savings_transfer,752.34,monthly
100000525,rent_payment,1714.39,monthly
100000525,savings_transfer,418.52,monthly
100000526,mortgage_payment,2866.01,monthly
100000526,savings_transfer,658.86,monthly
100000527,mortgage_payment,3865.16,monthly
100000527,savings_transfer,837.55,monthly
100000528,rent_payment,3010.62,monthly
100000528,savings_transfer,702.4,monthly
100000529,rent_payment,1571.46,monthly
100000529,savings_transfer,224.49,monthly
100000530,rent_payment,1150.81,monthly
100000530,savings_transfer,252.82,monthly
100000531,mortgage_payment,13834.3,monthly
100000531,savings_transfer,2981.64,monthly
100000532,mortgage_payment,7069.7,monthly
100000532,savings_transfer,1384.47,monthly
100000533,rent_payment,2869.0,monthly
100000533,savings_transfer,914.75,monthly
100000534,rent_payment,3360.67,monthly
100000534,savings_transfer,394.98,monthly
100000535,rent_payment,946.68,monthly
100000536,rent_payment,4562.63,monthly
100000536,savings_transfer,645.15,monthly
100000537,rent_payment,5012.32,monthly
100000537,savings_transfer,1456.44,monthly
100000538,rent_payment,9348.01,monthly
100000538,savings_transfer,3419.58,monthly
100000539,mortgage_payment,4691.84,monthly
100000539,savings_transfer,708.53,monthly
100000540,rent_payment,2014.5,monthly
100000540,savings_transfer,402.16,monthly
100000541,mortgage_payment,6058.09,monthly
100000541,savings_transfer,1510.53,monthly
100000542,mortgage_payment,10007.45,monthly
100000542,savings_transfer,2653.9,monthly
100000543,mortgage_payment,10964.76,monthly
100000543,savings_transfer,2881.12,monthly
100000544,mortgage_payment,1429.83,monthly
100000545,mortgage_payment,3382.05,monthly
100000545,savings_transfer,1137.02,monthly
100000546,mortgage_payment,3500.97,monthly
100000546,savings_transfer,896.16,monthly
100000547,mortgage_payment,5833.05,monthly
100000547,savings_transfer,685.66,monthly
100000548,rent_payment,3562.53,monthly
100000548,savings_transfer,669.84,monthly
100000549,rent_payment,8350.16,monthly
100000549,savings_transfer,1744.65,monthly
100000550,rent_payment,4779.44,monthly
100000550,savings_transfer,608.93,monthly
100000551,mortgage_payment,3647.31,monthly
100000551,savings_transfer,749.47,monthly
100000552,rent_payment,2736.07,monthly
100000552,savings_transfer,166.58,monthly
100000553,mortgage_payment,9732.22,monthly
100000553,savings_transfer,2174.99,monthly
100000554,mortgage_payment,1684.95,monthly
100000554,savings_transfer,190.65,monthly
100000555,rent_payment,11268.62,monthly
100000555,savings_transfer,2500.05,monthly
100000556,mortgage_payment,2021.11,monthly
100000556,savings_transfer,316.19,monthly
100000557,rent_payment,2947.37,monthly
100000557,savings_transfer,801.25,monthly
100000558,rent_payment,2621.72,monthly
100000558,savings_transfer,873.29,monthly
100000559,rent_payment,3346.48,monthly
100000559,savings_transfer,1093.58,monthly
100000560,rent_payment,1338.79,monthly
100000560,savings_transfer,288.32,monthly
100000561,rent_payment,4638.51,monthly
100000561,savings_transfer,1204.88,monthly
100000562,rent_payment,5632.38,monthly
100000562,savings_transfer,1120.17,monthly
100000563,mortgage_payment,1444.5,monthly
100000563,savings_transfer,313.61,monthly
100000564,rent_payment,4376.45,monthly
100000564,savings_transfer,946.75,monthly
100000565,mortgage_payment,2711.76,monthly
100000565,savings_transfer,509.09,monthly
100000566,mortgage_payment,8700.92,monthly
100000566,savings_transfer,1932.72,monthly
100000567,rent_payment,10761.44,monthly
100000567,savings_transfer,2773.23,monthly
100000568,mortgage_payment,10798.73,monthly
100000568,savings_transfer,2768.24,monthly
100000569,rent_payment,4716.52,monthly
100000569,savings_transfer,1258.56,monthly
100000570,mortgage_payment,3739.75,monthly
100000570,savings_transfer,729.32,monthly
100000571,rent_payment,2819.56,monthly
100000571,savings_transfer,326.72,monthly
100000572,mortgage_payment,2992.25,monthly
100000572,savings_transfer,720.64,monthly
100000573,rent_payment,2867.36,monthly
100000573,savings_transfer,499.82,monthly
100000574,mortgage_payment,5860.53,monthly
100000574,savings_transfer,545.55,monthly
100000575,rent_payment,2060.62,monthly
100000575,savings_transfer,269.67,monthly
100000576,rent_payment,1068.32,monthly
100000577,rent_payment,3563.37,monthly
100000577,savings_transfer,789.17,monthly
100000578,rent_payment,2323.05,monthly
100000578,savings_transfer,456.44,monthly
100000579,rent_payment,2086.25,monthly
100000579,savings_transfer,702.31,monthly
100000580,rent_payment,5124.62,monthly
100000580,savings_transfer,720.06,monthly
100000581,rent_payment,9449.67,monthly
100000581,savings_transfer,1787.08,monthly
100000582,mortgage_payment,9805.41,monthly
100000582,savings_transfer,2284.26,monthly
100000583,rent_payment,3786.45,monthly
100000583,savings_transfer,847.73,monthly
100000584,mortgage_payment,4213.02,monthly
100000584,savings_transfer,830.45,monthly
100000585,rent_payment,4583.93,monthly
100000585,savings_transfer,918.43,monthly
100000586,rent_payment,2728.01,monthly
100000586,savings_transfer,559.08,monthly
100000587,rent_payment,2248.48,monthly
100000587,savings_transfer,798.14,monthly
100000588,mortgage_payment,1224.13,monthly
100000589,mortgage_payment,4392.72,monthly
100000589,savings_transfer,1173.75,monthly
100000590,rent_payment,909.07,monthly
100000591,rent_payment,1539.3,monthly
100000591,savings_transfer,407.75,monthly
100000592,rent_payment,2997.38,monthly
100000592,savings_transfer,603.21,monthly
100000593,mortgage_payment,2464.5,monthly
100000593,savings_transfer,416.13,monthly
100000594,rent_payment,1526.63,monthly
100000594,savings_transfer,373.63,monthly
100000595,rent_payment,3060.02,monthly
100000595,savings_transfer,437.31,monthly
100000596,mortgage_payment,3259.68,monthly
100000596,savings_transfer,716.14,monthly
100000597,rent_payment,2341.31,monthly
100000597,savings_transfer,507.01,monthly
100000598,mortgage_payment,8463.43,monthly
100000598,savings_transfer,2971.48,monthly
100000599,rent_payment,10948.5,monthly
100000599,savings_transfer,3065.37,monthly
100000600,rent_payment,2688.05,monthly
100000600,savings_transfer,657.79,monthly
100000601,mortgage_payment,2626.01,monthly
100000601,savings_transfer,703.7,monthly
100000602,rent_payment,3627.64,monthly
100000602,savings_transfer,1139.98,monthly
100000603,rent_payment,2285.35,monthly
100000603,savings_transfer,323.76,monthly
100000604,mortgage_payment,2661.56,monthly
100000604,savings_transfer,423.93,monthly
100000605,rent_payment,3664.43,monthly
100000605,savings_transfer,834.23,monthly
100000606,mortgage_payment,5300.56,monthly
100000606,savings_transfer,1154.09,monthly
100000607,mortgage_payment,5193.85,monthly
100000607,savings_transfer,1245.56,monthly
100000608,mortgage_payment,1997.92,monthly
100000608,savings_transfer,162.91,monthly
100000609,mortgage_payment,1949.43,monthly
100000609,savings_transfer,621.23,monthly
100000610,mortgage_payment,5963.66,monthly
100000610,savings_transfer,1288.69,monthly
100000611,rent_payment,3391.81,monthly
100000611,savings_transfer,892.83,monthly
100000612,rent_payment,1836.82,monthly
100000612,savings_transfer,763.27,monthly
100000613,rent_payment,10558.15,monthly
100000613,savings_transfer,2064.99,monthly
100000614,mortgage_payment,8953.1,monthly
100000614,savings_transfer,2499.42,monthly
100000615,rent_payment,2812.12,monthly
100000615,savings_transfer,497.41,monthly
100000616,rent_payment,2604.6,monthly
100000616,savings_transfer,428.31,monthly
100000617,rent_payment,5079.68,monthly
100000617,savings_transfer,1182.37,monthly
100000618,mortgage_payment,3193.44,monthly
100000618,savings_transfer,672.87,monthly
100000619,mortgage_payment,4533.12,monthly
100000619,savings_transfer,451.83,monthly
100000620,rent_payment,4901.33,monthly
100000620,savings_transfer,772.12,monthly
100000621,mortgage_payment,12743.59,monthly
100000621,savings_transfer,2690.67,monthly
100000622,rent_payment,4724.86,monthly
100000622,savings_transfer,1143.19,monthly
100000623,mortgage_payment,9088.6,monthly
100000623,savings_transfer,1881.65,monthly
100000624,mortgage_payment,1834.71,monthly
100000624,savings_transfer,320.2,monthly
100000625,mortgage_payment,4036.73,monthly
100000625,savings_transfer,555.48,monthly
100000626,mortgage_payment,5911.76,monthly
100000626,savings_transfer,1326.41,monthly
100000627,mortgage_payment,2821.51,monthly
100000627,savings_transfer,545.55,monthly
100000628,mortgage_payment,2926.93,monthly
100000628,savings_transfer,459.93,monthly
100000629,rent_payment,8334.17,monthly
100000629,savings_transfer,2211.68,monthly
100000630,mortgage_payment,2393.93,monthly
100000630,savings_transfer,564.98,monthly
100000631,mortgage_payment,3461.21,monthly
100000631,savings_transfer,1220.62,monthly
100000632,mortgage_payment,2971.29,monthly
100000632,savings_transfer,413.56,monthly
100000633,mortgage_payment,4387.82,monthly
100000633,savings_transfer,972.72,monthly
100000634,rent_payment,1941.8,monthly
100000634,savings_transfer,471.23,monthly
100000635,mortgage_payment,2065.91,monthly
100000635,savings_transfer,441.31,monthly
100000636,rent_payment,2676.46,monthly
100000636,savings_transfer,471.89,monthly
100000637,mortgage_payment,10901.0,monthly
100000637,savings_transfer,2423.52,monthly
100000638,mortgage_payment,3847.12,monthly
100000638,savings_transfer,1246.3,monthly
100000639,mortgage_payment,4635.84,monthly
100000639,savings_transfer,1361.61,monthly
100000640,rent_payment,6243.57,monthly
100000640,savings_transfer,2795.72,monthly
100000641,rent_payment,2391.5,monthly
100000641,savings_transfer,941.72,monthly
100000642,rent_payment,5438.77,monthly
100000642,savings_transfer,1100.66,monthly
100000643,mortgage_payment,1371.19,monthly
100000643,savings_transfer,186.26,monthly
100000644,mortgage_payment,3440.05,monthly
100000644,savings_transfer,460.13,monthly
100000645,mortgage_payment,5747.27,monthly
100000645,savings_transfer,1098.13,monthly
100000646,rent_payment,8897.72,monthly
100000646,savings_transfer,2592.79,monthly
100000647,rent_payment,2894.48,monthly
100000647,savings_transfer,584.81,monthly
100000648,rent_payment,10384.6,monthly
100000648,savings_transfer,2246.68,monthly
100000649,rent_payment,2625.9,monthly
100000649,savings_transfer,840.16,monthly
100000650,rent_payment,2694.94,monthly
100000650,savings_transfer,432.2,monthly
100000651,rent_payment,2217.24,monthly
100000651,savings_transfer,1015.34,monthly
100000652,rent_payment,3584.0,monthly
100000652,savings_transfer,1176.81,monthly
100000653,mortgage_payment,9876.5,monthly
100000653,savings_transfer,1927.47,monthly
100000654,mortgage_payment,3447.41,monthly
100000654,savings_transfer,766.24,monthly
100000655,mortgage_payment,10665.31,monthly
100000655,savings_transfer,3668.97,monthly
100000656,mortgage_payment,3236.94,monthly
100000656,savings_transfer,836.87,monthly
100000657,rent_payment,4425.32,monthly
100000657,savings_transfer,929.76,monthly
100000658,mortgage_payment,2289.17,monthly
100000658,savings_transfer,303.42,monthly
100000659,rent_payment,3570.03,monthly
100000659,savings_transfer,664.79,monthly
100000660,rent_payment,2498.33,monthly
100000660,savings_transfer,635.91,monthly
100000661,rent_payment,1884.34,monthly
100000661,savings_transfer,277.59,monthly
100000662,mortgage_payment,3238.62,monthly
100000662,savings_transfer,257.39,monthly
100000663,rent_payment,3338.86,monthly
100000663,savings_transfer,421.06,monthly
100000664,rent_payment,2896.02,monthly
100000664,savings_transfer,346.09,monthly
100000665,rent_payment,5065.41,monthly
100000665,savings_transfer,1595.43,monthly
100000666,mortgage_payment,1069.32,monthly
100000667,rent_payment,8507.57,monthly
100000667,savings_transfer,2557.37,monthly
100000668,rent_payment,7149.9,monthly
100000668,savings_transfer,2887.35,monthly
100000669,rent_payment,1474.54,monthly
100000669,savings_transfer,214.13,monthly
100000670,rent_payment,1405.53,monthly
100000671,mortgage_payment,2698.88,monthly
100000671,savings_transfer,435.6,monthly
100000672,rent_payment,1654.7,monthly
100000673,rent_payment,2318.19,monthly
100000673,savings_transfer,293.25,monthly
100000674,mortgage_payment,5702.4,monthly
100000674,savings_transfer,1265.67,monthly
100000675,rent_payment,3426.47,monthly
100000675,savings_transfer,1071.67,monthly
100000676,rent_payment,2819.81,monthly
100000676,savings_transfer,1309.3,monthly
100000677,rent_payment,2340.54,monthly
100000677,savings_transfer,496.78,monthly
100000678,mortgage_payment,5285.78,monthly
100000678,savings_transfer,1449.64,monthly
100000679,rent_payment,2802.04,monthly
100000679,savings_transfer,669.89,monthly
100000680,rent_payment,1613.75,monthly
100000680,savings_transfer,305.22,monthly
100000681,mortgage_payment,3175.17,monthly
100000681,savings_transfer,639.2,monthly
100000682,rent_payment,1824.11,monthly
100000682,savings_transfer,207.66,monthly
100000683,mortgage_payment,1356.46,monthly
100000684,rent_payment,3416.34,monthly
100000684,savings_transfer,570.06,monthly
100000685,mortgage_payment,13375.44,monthly
100000685,savings_transfer,3030.72,monthly
100000686,mortgage_payment,2309.29,monthly
100000686,savings_transfer,517.3,monthly
100000687,rent_payment,2752.59,monthly
100000687,savings_transfer,720.05,monthly
100000688,mortgage_payment,2011.77,monthly
100000688,savings_transfer,334.74,monthly
100000689,mortgage_payment,3790.11,monthly
100000689,savings_transfer,1227.38,monthly
100000690,rent_payment,5199.21,monthly
100000690,savings_transfer,1120.09,monthly
100000691,rent_payment,2510.4,monthly
100000691,savings_transfer,321.09,monthly
100000692,mortgage_payment,1951.84,monthly
100000692,savings_transfer,358.33,monthly
100000693,rent_payment,905.18,monthly
100000693,savings_transfer,238.69,monthly
100000694,rent_payment,4116.52,monthly
100000694,savings_transfer,1133.53,monthly
100000695,mortgage_payment,3252.71,monthly
100000695,savings_transfer,643.74,monthly
100000696,mortgage_payment,1417.61,monthly
100000697,rent_payment,1231.72,monthly
100000698,rent_payment,7875.85,monthly
100000698,savings_transfer,2495.63,monthly
100000699,rent_payment,11248.69,monthly
100000699,savings_transfer,2216.16,monthly
100000700,rent_payment,2960.74,monthly
100000700,savings_transfer,590.26,monthly
100000701,mortgage_payment,5252.15,monthly
100000701,savings_transfer,1071.5,monthly
100000702,rent_payment,7205.02,monthly
100000702,savings_transfer,3238.72,monthly
100000703,rent_payment,3530.09,monthly
100000703,savings_transfer,1130.37,monthly
100000704,rent_payment,10778.83,monthly
100000704,savings_transfer,2249.09,monthly
100000705,mortgage_payment,5963.52,monthly
100000705,savings_transfer,2534.99,monthly
100000706,rent_payment,4476.91,monthly
100000706,savings_transfer,952.49,monthly
100000707,mortgage_payment,2426.54,monthly
100000707,savings_transfer,360.99,monthly
100000708,mortgage_payment,8600.78,monthly
100000708,savings_transfer,2003.06,monthly
100000709,mortgage_payment,3071.93,monthly
100000709,savings_transfer,333.96,monthly
100000710,rent_payment,2703.51,monthly
100000710,savings_transfer,270.15,monthly
100000711,rent_payment,1311.26,monthly
100000712,rent_payment,2975.35,monthly
100000712,savings_transfer,1108.58,monthly
100000713,mortgage_payment,4681.61,monthly
100000713,savings_transfer,547.94,monthly
100000714,mortgage_payment,1919.14,monthly
100000714,savings_transfer,350.89,monthly
100000715,mortgage_payment,9317.28,monthly
100000715,savings_transfer,1702.48,monthly
100000716,rent_payment,2620.67,monthly
100000716,savings_transfer,409.69,monthly
100000717,mortgage_payment,4244.9,monthly
100000717,savings_transfer,1127.68,monthly
100000718,rent_payment,2322.65,monthly
100000718,savings_transfer,412.28,monthly
100000719,rent_payment,4009.24,monthly
100000719,savings_transfer,1007.85,monthly
100000720,rent_payment,1827.5,monthly
100000720,savings_transfer,553.21,monthly
100000721,mortgage_payment,1130.77,monthly
100000721,savings_transfer,246.46,monthly
100000722,mortgage_payment,5256.32,monthly
100000722,savings_transfer,740.73,monthly
100000723,rent_payment,2880.85,monthly
100000723,savings_transfer,1001.32,monthly
100000724,mortgage_payment,8788.7,monthly
100000724,savings_transfer,2070.58,monthly
100000725,rent_payment,5205.02,monthly
100000725,savings_transfer,982.92,monthly
100000726,mortgage_payment,5115.04,monthly
100000726,savings_transfer,1971.91,monthly
100000727,rent_payment,3765.73,monthly
100000727,savings_transfer,1245.53,monthly
100000728,rent_payment,3981.32,monthly
100000728,savings_transfer,1374.03,monthly
100000729,mortgage_payment,2916.67,monthly
100000729,savings_transfer,841.79,monthly
100000730,rent_payment,2681.49,monthly
100000730,savings_transfer,471.28,monthly
100000731,rent_payment,7891.94,monthly
100000731,savings_transfer,2053.89,monthly
100000732,mortgage_payment,5667.54,monthly
100000732,savings_transfer,2065.65,monthly
100000733,mortgage_payment,1544.53,monthly
100000733,savings_transfer,418.4,monthly
100000734,mortgage_payment,5787.82,monthly
100000734,savings_transfer,735.65,monthly
100000735,mortgage_payment,9337.5,monthly
100000735,savings_transfer,2773.11,monthly
100000736,mortgage_payment,1423.44,monthly
100000737,mortgage_payment,4807.42,monthly
100000737,savings_transfer,1036.89,monthly
100000738,mortgage_payment,1985.66,monthly
100000738,savings_transfer,185.38,monthly
100000739,rent_payment,4206.87,monthly
100000739,savings_transfer,1226.85,monthly
100000740,mortgage_payment,3990.94,monthly
100000740,savings_transfer,933.74,monthly
100000741,rent_payment,6141.71,monthly
100000741,savings_transfer,1824.88,monthly
100000742,mortgage_payment,2707.22,monthly
100000742,savings_transfer,868.01,monthly
100000743,rent_payment,5392.73,monthly
100000743,savings_transfer,1241.62,monthly
100000744,rent_payment,3764.83,monthly
100000744,savings_transfer,1162.9,monthly
100000745,mortgage_payment,3972.45,monthly
100000745,savings_transfer,754.05,monthly
100000746,rent_payment,7501.25,monthly
100000746,savings_transfer,2484.82,monthly
100000747,rent_payment,4266.8,monthly
100000747,savings_transfer,1395.43,monthly
100000748,rent_payment,7324.36,monthly
100000748,savings_transfer,3374.31,monthly
100000749,mortgage_payment,2161.84,monthly
100000749,savings_transfer,460.85,monthly
100000750,mortgage_payment,5888.9,monthly
100000750,savings_transfer,1063.22,monthly
100000751,rent_payment,2326.73,monthly
100000751,savings_transfer,617.76,monthly
100000752,rent_payment,1209.09,monthly
100000753,mortgage_payment,4398.91,monthly
100000753,savings_transfer,1124.81,monthly
100000754,rent_payment,11303.26,monthly
100000754,savings_transfer,3039.83,monthly
100000755,rent_payment,2070.95,monthly
100000755,savings_transfer,520.66,monthly
100000756,mortgage_payment,2030.56,monthly
100000756,savings_transfer,560.13,monthly
100000757,rent_payment,3055.8,monthly
100000757,savings_transfer,1000.31,monthly
100000758,rent_payment,3169.19,monthly
100000758,savings_transfer,1186.33,monthly
100000759,rent_payment,1361.92,monthly
100000759,savings_transfer,255.84,monthly
100000760,rent_payment,3816.48,monthly
100000760,savings_transfer,807.33,monthly
100000761,rent_payment,4970.76,monthly
100000761,savings_transfer,714.14,monthly
100000762,rent_payment,5127.52,monthly
100000762,savings_transfer,1106.72,monthly
100000763,mortgage_payment,7260.25,monthly
100000763,savings_transfer,1890.83,monthly
100000764,mortgage_payment,2035.52,monthly
100000764,savings_transfer,421.18,monthly
100000765,mortgage_payment,3106.54,monthly
100000765,savings_transfer,737.52,monthly
100000766,rent_payment,4149.79,monthly
100000766,savings_transfer,1049.13,monthly
100000767,rent_payment,2558.28,monthly
100000767,savings_transfer,699.73,monthly
100000768,rent_payment,7285.07,monthly
100000768,savings_transfer,2640.0,monthly
100000769,rent_payment,2120.65,monthly
100000769,savings_transfer,470.66,monthly
100000770,mortgage_payment,10740.84,monthly
100000770,savings_transfer,3353.99,monthly
100000771,mortgage_payment,2873.2,monthly
100000771,savings_transfer,413.11,monthly
100000772,rent_payment,1518.98,monthly
100000772,savings_transfer,572.89,monthly
100000773,mortgage_payment,3687.81,monthly
100000773,savings_transfer,530.21,monthly
100000774,rent_payment,4281.7,monthly
100000774,savings_transfer,680.45,monthly
100000775,rent_payment,12287.42,monthly
100000775,savings_transfer,3247.35,monthly
100000776,rent_payment,2628.67,monthly
100000776,savings_transfer,598.21,monthly
100000777,rent_payment,4825.17,monthly
100000777,savings_transfer,1288.78,monthly
100000778,rent_payment,3101.52,monthly
100000778,savings_transfer,844.69,monthly
100000779,mortgage_payment,14030.87,monthly
100000779,savings_transfer,1847.97,monthly
100000780,rent_payment,5155.3,monthly
100000780,savings_transfer,838.06,monthly
100000781,mortgage_payment,3962.43,monthly
100000781,savings_transfer,530.89,monthly
100000782,rent_payment,4236.68,monthly
100000782,savings_transfer,1101.17,monthly
100000783,rent_payment,3385.56,monthly
100000783,savings_transfer,590.43,monthly
100000784,rent_payment,11092.93,monthly
100000784,savings_transfer,3116.19,monthly
100000785,mortgage_payment,1394.2,monthly
100000785,savings_transfer,352.52,monthly
100000786,rent_payment,1733.69,monthly
100000786,savings_transfer,415.67,monthly
100000787,mortgage_payment,5157.23,monthly
100000787,savings_transfer,877.28,monthly
100000788,rent_payment,1500.39,monthly
100000788,savings_transfer,336.22,monthly
100000789,mortgage_payment,4276.58,monthly
100000789,savings_transfer,785.72,monthly
100000790,mortgage_payment,2418.97,monthly
100000790,savings_transfer,865.98,monthly
100000791,rent_payment,4293.58,monthly
100000791,savings_transfer,1033.26,monthly
100000792,mortgage_payment,9792.5,monthly
100000792,savings_transfer,2140.48,monthly
100000793,rent_payment,5457.4,monthly
100000793,savings_transfer,1308.51,monthly
100000794,mortgage_payment,7147.32,monthly
100000794,savings_transfer,1035.11,monthly
100000795,rent_payment,7522.82,monthly
100000795,savings_transfer,2608.12,monthly
100000796,rent_payment,2154.14,monthly
100000796,savings_transfer,357.02,monthly
100000797,rent_payment,11207.62,monthly
100000797,savings_transfer,2528.74,monthly
100000798,mortgage_payment,3776.15,monthly
100000798,savings_transfer,1037.6,monthly
100000799,rent_payment,2389.16,monthly
100000799,savings_transfer,458.21,monthly
100000800,rent_payment,4798.43,monthly
100000800,savings_transfer,923.86,monthly
100000801,mortgage_payment,1586.53,monthly
100000802,mortgage_payment,5877.81,monthly
100000802,savings_transfer,1242.52,monthly
100000803,rent_payment,4325.29,monthly
100000803,savings_transfer,1325.08,monthly
100000804,rent_payment,4239.17,monthly
100000804,savings_transfer,826.73,monthly
100000805,mortgage_payment,1829.87,monthly
100000805,savings_transfer,539.21,monthly
100000806,mortgage_payment,4358.33,monthly
100000806,savings_transfer,1029.99,monthly
100000807,mortgage_payment,4706.39,monthly
100000807,savings_transfer,1226.74,monthly
100000808,mortgage_payment,2962.17,monthly
100000808,savings_transfer,751.91,monthly
100000809,rent_payment,5349.68,monthly
100000809,savings_transfer,1446.99,monthly
100000810,mortgage_payment,5602.04,monthly
100000810,savings_transfer,1308.47,monthly
100000811,rent_payment,1189.63,monthly
100000811,savings_transfer,203.56,monthly
100000812,mortgage_payment,5523.23,monthly
100000812,savings_transfer,1655.38,monthly
100000813,mortgage_payment,2312.69,monthly
100000813,savings_transfer,281.64,monthly
100000814,mortgage_payment,1853.09,monthly
100000815,mortgage_payment,2512.84,monthly
100000815,savings_transfer,615.79,monthly
100000816,mortgage_payment,3904.53,monthly
100000816,savings_transfer,1128.85,monthly
100000817,rent_payment,5191.42,monthly
100000817,savings_transfer,1415.57,monthly
100000818,rent_payment,1642.14,monthly
100000818,savings_transfer,406.87,monthly
100000819,mortgage_payment,2608.62,monthly
100000819,savings_transfer,613.01,monthly
100000820,rent_payment,1352.88,monthly
100000820,savings_transfer,283.38,monthly
100000821,mortgage_payment,4470.72,monthly
100000821,savings_transfer,1148.4,monthly
100000822,rent_payment,1052.17,monthly
100000823,rent_payment,8249.08,monthly
100000823,savings_transfer,2813.12,monthly
100000824,rent_payment,3770.94,monthly
100000824,savings_transfer,1196.59,monthly
100000825,mortgage_payment,3842.06,monthly
100000825,savings_transfer,850.79,monthly
100000826,rent_payment,8132.82,monthly
100000826,savings_transfer,1922.89,monthly
100000827,mortgage_payment,5917.61,monthly
100000827,savings_transfer,1074.29,monthly
100000828,mortgage_payment,1271.39,monthly
100000828,savings_transfer,253.9,monthly
100000829,mortgage_payment,3670.95,monthly
100000829,savings_transfer,1019.8,monthly
100000830,rent_payment,3612.52,monthly
100000830,savings_transfer,371.95,monthly
100000831,rent_payment,7234.04,monthly
100000831,savings_transfer,2930.12,monthly
100000832,mortgage_payment,2404.67,monthly
100000832,savings_transfer,454.16,monthly
100000833,rent_payment,13134.05,monthly
100000833,savings_transfer,2994.29,monthly
100000834,mortgage_payment,4475.84,monthly
100000834,savings_transfer,745.46,monthly
100000835,mortgage_payment,1467.65,monthly
100000835,savings_transfer,289.57,monthly
100000836,mortgage_payment,3807.35,monthly
100000836,savings_transfer,1132.09,monthly
100000837,mortgage_payment,1862.63,monthly
100000837,savings_transfer,281.82,monthly
100000838,rent_payment,3071.91,monthly
100000838,savings_transfer,1345.82,monthly
100000839,rent_payment,1250.72,monthly
100000839,savings_transfer,323.15,monthly
100000840,rent_payment,5242.57,monthly
100000840,savings_transfer,1538.86,monthly
100000841,rent_payment,1449.54,monthly
100000841,savings_transfer,247.09,monthly
100000842,mortgage_payment,5972.77,monthly
100000842,savings_transfer,1234.71,monthly
100000843,mortgage_payment,3165.69,monthly
100000843,savings_transfer,1016.06,monthly
100000844,mortgage_payment,12420.24,monthly
100000844,savings_transfer,2504.39,monthly
100000845,mortgage_payment,3754.16,monthly
100000845,savings_transfer,632.68,monthly
100000846,rent_payment,10478.16,monthly
100000846,savings_transfer,2201.24,monthly
100000847,mortgage_payment,3045.77,monthly
100000847,savings_transfer,699.49,monthly
100000848,rent_payment,1974.64,monthly
100000848,savings_transfer,217.8,monthly
100000849,mortgage_payment,4706.18,monthly
100000849,savings_transfer,1045.68,monthly
100000850,mortgage_payment,10445.76,monthly
100000850,savings_transfer,3361.04,monthly
100000851,rent_payment,9332.1,monthly
100000851,savings_transfer,2168.74,monthly
100000852,mortgage_payment,5451.88,monthly
100000852,savings_transfer,951.82,monthly
100000853,rent_payment,3070.0,monthly
100000853,savings_transfer,554.98,monthly
100000854,rent_payment,2402.46,monthly
100000854,savings_transfer,251.39,monthly
100000855,rent_payment,1265.31,monthly
100000855,savings_transfer,245.49,monthly
100000856,rent_payment,3663.44,monthly
100000856,savings_transfer,849.35,monthly
100000857,rent_payment,1488.35,monthly
100000858,rent_payment,1323.15,monthly
100000858,savings_transfer,210.06,monthly
100000859,mortgage_payment,7867.39,monthly
100000859,savings_transfer,3032.46,monthly
100000860,mortgage_payment,4003.72,monthly
100000860,savings_transfer,854.02,monthly
100000861,rent_payment,4491.57,monthly
100000861,savings_transfer,680.33,monthly
100000862,mortgage_payment,3498.83,monthly
100000862,savings_transfer,778.81,monthly
100000863,mortgage_payment,2245.54,monthly
100000863,savings_transfer,385.21,monthly
100000864,mortgage_payment,4952.34,monthly
100000864,savings_transfer,748.3,monthly
100000865,mortgage_payment,2729.99,monthly
100000865,savings_transfer,653.29,monthly
100000866,mortgage_payment,3101.07,monthly
100000866,savings_transfer,701.9,monthly
100000867,mortgage_payment,2047.88,monthly
100000868,rent_payment,1850.51,monthly
100000868,savings_transfer,266.03,monthly
100000869,mortgage_payment,1238.3,monthly
100000870,mortgage_payment,3231.22,monthly
100000870,savings_transfer,841.01,monthly
100000871,rent_payment,2130.25,monthly
100000871,savings_transfer,342.59,monthly
100000872,rent_payment,10364.9,monthly
100000872,savings_transfer,2474.7,monthly
100000873,rent_payment,5299.39,monthly
100000873,savings_transfer,2031.37,monthly
100000874,rent_payment,2842.2,monthly
100000874,savings_transfer,500.91,monthly
100000875,mortgage_payment,3374.92,monthly
100000875,savings_transfer,942.39,monthly
100000876,rent_payment,4122.15,monthly
100000876,savings_transfer,1417.3,monthly
100000877,rent_payment,2844.24,monthly
100000877,savings_transfer,866.79,monthly
100000878,rent_payment,3479.93,monthly
100000878,savings_transfer,626.93,monthly
100000879,rent_payment,3975.22,monthly
100000879,savings_transfer,634.51,monthly
100000880,mortgage_payment,2911.44,monthly
100000880,savings_transfer,509.32,monthly
100000881,mortgage_payment,1400.05,monthly
100000881,savings_transfer,372.67,monthly
100000882,rent_payment,2664.55,monthly
100000882,savings_transfer,638.64,monthly
100000883,rent_payment,4392.49,monthly
100000883,savings_transfer,534.26,monthly
100000884,rent_payment,1654.14,monthly
100000884,savings_transfer,439.45,monthly
100000885,rent_payment,1112.26,monthly
100000885,savings_transfer,218.37,monthly
100000886,mortgage_payment,4529.88,monthly
100000886,savings_transfer,988.76,monthly
100000887,rent_payment,8599.33,monthly
100000887,savings_transfer,2141.96,monthly
100000888,rent_payment,3253.97,monthly
100000888,savings_transfer,414.68,monthly
100000889,rent_payment,3790.44,monthly
100000889,savings_transfer,561.42,monthly
100000890,rent_payment,2269.53,monthly
100000890,savings_transfer,438.03,monthly
100000891,mortgage_payment,3109.32,monthly
100000891,savings_transfer,1146.69,monthly
100000892,rent_payment,2404.99,monthly
100000892,savings_transfer,256.3,monthly
100000893,rent_payment,2350.13,monthly
100000893,savings_transfer,474.56,monthly
100000894,rent_payment,5704.58,monthly
100000894,savings_transfer,1810.4,monthly
100000895,mortgage_payment,11727.96,monthly
100000895,savings_transfer,2845.9,monthly
100000896,rent_payment,7496.72,monthly
100000896,savings_transfer,2484.03,monthly
100000897,rent_payment,1549.94,monthly
100000897,savings_transfer,309.12,monthly
100000898,rent_payment,1536.02,monthly
100000898,savings_transfer,244.52,monthly
100000899,mortgage_payment,2047.07,monthly
100000899,savings_transfer,253.16,monthly
100000900,mortgage_payment,1380.72,monthly
100000901,rent_payment,1868.79,monthly
100000901,savings_transfer,499.23,monthly
100000902,rent_payment,1667.25,monthly
100000902,savings_transfer,169.12,monthly
100000903,rent_payment,2536.04,monthly
100000903,savings_transfer,315.86,monthly
100000904,mortgage_payment,10813.28,monthly
100000904,savings_transfer,2275.54,monthly
100000905,mortgage_payment,7029.76,monthly
100000905,savings_transfer,1709.93,monthly
100000906,rent_payment,5729.39,monthly
100000906,savings_transfer,1386.71,monthly
100000907,rent_payment,2632.66,monthly
100000907,savings_transfer,695.56,monthly
100000908,rent_payment,1698.79,monthly
100000908,savings_transfer,583.14,monthly
100000909,rent_payment,1169.06,monthly
100000909,savings_transfer,410.56,monthly
100000910,rent_payment,1141.74,monthly
100000911,mortgage_payment,5825.95,monthly
100000911,savings_transfer,1933.82,monthly
100000912,rent_payment,1968.14,monthly
100000912,savings_transfer,469.27,monthly
100000913,mortgage_payment,2951.12,monthly
100000913,savings_transfer,504.64,monthly
100000914,mortgage_payment,2787.44,monthly
100000914,savings_transfer,320.97,monthly
100000915,rent_payment,6545.53,monthly
100000915,savings_transfer,2334.11,monthly
100000916,mortgage_payment,4434.4,monthly
100000916,savings_transfer,778.64,monthly
100000917,rent_payment,1952.63,monthly
100000917,savings_transfer,609.75,monthly
100000918,rent_payment,4389.71,monthly
100000918,savings_transfer,758.46,monthly
100000919,mortgage_payment,4145.93,monthly
100000919,savings_transfer,497.41,monthly
100000920,rent_payment,2943.21,monthly
100000920,savings_transfer,579.63,monthly
100000921,rent_payment,5323.89,monthly
100000921,savings_transfer,1063.96,monthly
100000922,rent_payment,8263.75,monthly
100000922,savings_transfer,3763.68,monthly
100000923,rent_payment,1362.71,monthly
100000924,mortgage_payment,5284.22,monthly
100000924,savings_transfer,937.09,monthly
100000925,mortgage_payment,1709.64,monthly
100000925,savings_transfer,388.76,monthly
100000926,rent_payment,1698.45,monthly
100000927,rent_payment,1341.69,monthly
100000927,savings_transfer,335.25,monthly
100000928,rent_payment,7977.06,monthly
100000928,savings_transfer,1652.12,monthly
100000929,mortgage_payment,6523.48,monthly
100000929,savings_transfer,1249.2,monthly
100000930,rent_payment,5485.45,monthly
100000930,savings_transfer,1665.41,monthly
100000931,rent_payment,4863.21,monthly
100000931,savings_transfer,1585.0,monthly
100000932,mortgage_payment,9989.44,monthly
100000932,savings_transfer,3979.02,monthly
100000933,rent_payment,1235.1,monthly
100000934,mortgage_payment,2861.31,monthly
100000934,savings_transfer,633.41,monthly
100000935,rent_payment,4358.63,monthly
100000935,savings_transfer,768.31,monthly
100000936,rent_payment,4769.87,monthly
100000936,savings_transfer,529.27,monthly
100000937,rent_payment,3296.39,monthly
100000937,savings_transfer,1198.1,monthly
100000938,rent_payment,2554.61,monthly
100000938,savings_transfer,582.74,monthly
100000939,mortgage_payment,1436.31,monthly
100000939,savings_transfer,324.87,monthly
100000940,rent_payment,3894.95,monthly
100000940,savings_transfer,730.86,monthly
100000941,rent_payment,2214.57,monthly
100000941,savings_transfer,488.93,monthly
100000942,rent_payment,11732.37,monthly
100000942,savings_transfer,2450.15,monthly
100000943,rent_payment,1458.74,monthly
100000943,savings_transfer,352.09,monthly
100000944,rent_payment,1652.7,monthly
100000944,savings_transfer,358.54,monthly
100000945,rent_payment,3869.47,monthly
100000945,savings_transfer,1146.65,monthly
100000946,rent_payment,2133.07,monthly
100000946,savings_transfer,867.65,monthly
100000947,rent_payment,8549.66,monthly
100000947,savings_transfer,2584.82,monthly
100000948,mortgage_payment,5033.15,monthly
100000948,savings_transfer,1111.65,monthly
100000949,rent_payment,1615.47,monthly
100000949,savings_transfer,215.53,monthly
100000950,rent_payment,6334.6,monthly
100000950,savings_transfer,2880.9,monthly
100000951,mortgage_payment,6920.0,monthly
100000951,savings_transfer,1849.28,monthly
100000952,rent_payment,2497.0,monthly
100000952,savings_transfer,299.37,monthly
100000953,rent_payment,8828.49,monthly
100000953,savings_transfer,2099.02,monthly
100000954,mortgage_payment,6308.56,monthly
100000954,savings_transfer,917.39,monthly
100000955,rent_payment,3744.01,monthly
100000955,savings_transfer,801.66,monthly
100000956,rent_payment,4769.32,monthly
100000956,savings_transfer,995.59,monthly
100000957,rent_payment,2847.9,monthly
100000957,savings_transfer,653.4,monthly
100000958,mortgage_payment,11117.38,monthly
100000958,savings_transfer,2756.09,monthly
100000959,mortgage_payment,8024.09,monthly
100000959,savings_transfer,1472.07,monthly
100000960,rent_payment,5157.48,monthly
100000960,savings_transfer,1420.05,monthly
100000961,mortgage_payment,4548.46,monthly
100000961,savings_transfer,637.06,monthly
100000962,rent_payment,7232.67,monthly
100000962,savings_transfer,1547.5,monthly
100000963,rent_payment,2258.56,monthly
100000963,savings_transfer,535.04,monthly
100000964,rent_payment,1095.79,monthly
100000964,savings_transfer,183.11,monthly
100000965,mortgage_payment,9519.69,monthly
100000965,savings_transfer,2536.79,monthly
100000966,mortgage_payment,7978.86,monthly
100000966,savings_transfer,2432.42,monthly
100000967,rent_payment,1574.53,monthly
100000968,mortgage_payment,5728.52,monthly
100000968,savings_transfer,1149.45,monthly
100000969,rent_payment,1423.52,monthly
100000969,savings_transfer,293.27,monthly
100000970,mortgage_payment,4364.87,monthly
100000970,savings_transfer,513.8,monthly
100000971,rent_payment,1277.81,monthly
100000971,savings_transfer,229.5,monthly
100000972,rent_payment,3879.44,monthly
100000972,savings_transfer,1353.28,monthly
100000973,rent_payment,3223.99,monthly
100000973,savings_transfer,480.97,monthly
100000974,mortgage_payment,3943.24,monthly
100000974,savings_transfer,1088.75,monthly
100000975,mortgage_payment,3290.42,monthly
100000975,savings_transfer,880.12,monthly
100000976,mortgage_payment,12632.28,monthly
100000976,savings_transfer,2887.94,monthly
100000977,rent_payment,2856.77,monthly
100000977,savings_transfer,472.97,monthly
100000978,mortgage_payment,7015.33,monthly
100000978,savings_transfer,2302.1,monthly
100000979,mortgage_payment,3315.38,monthly
100000979,savings_transfer,504.02,monthly
100000980,mortgage_payment,1810.38,monthly
100000980,savings_transfer,220.25,monthly
100000981,rent_payment,2180.76,monthly
100000981,savings_transfer,623.77,monthly
100000982,mortgage_payment,1505.09,monthly
100000983,mortgage_payment,1841.85,monthly
100000983,savings_transfer,356.87,monthly
100000984,rent_payment,2176.01,monthly
100000984,savings_transfer,277.83,monthly
100000985,rent_payment,2761.63,monthly
100000985,savings_transfer,405.1,monthly
100000986,rent_payment,2884.88,monthly
100000986,savings_transfer,312.87,monthly
100000987,mortgage_payment,9901.65,monthly
100000987,savings_transfer,1858.47,monthly
100000988,rent_payment,1185.57,monthly
100000988,savings_transfer,275.78,monthly
100000989,mortgage_payment,4619.59,monthly
100000989,savings_transfer,895.78,monthly
100000990,mortgage_payment,3984.54,monthly
100000990,savings_transfer,859.67,monthly
100000991,mortgage_payment,3143.1,monthly
100000991,savings_transfer,494.14,monthly
100000992,rent_payment,5428.85,monthly
100000992,savings_transfer,1439.41,monthly
100000993,rent_payment,1590.45,monthly
100000993,savings_transfer,329.47,monthly
100000994,rent_payment,5440.39,monthly
100000994,savings_transfer,1051.95,monthly
100000995,rent_payment,2434.27,monthly
100000995,savings_transfer,928.2,monthly
100000996,mortgage_payment,13421.55,monthly
100000996,savings_transfer,2428.18,monthly
100000997,rent_payment,4763.46,monthly
100000997,savings_transfer,870.42,monthly
100000998,mortgage_payment,8823.59,monthly
100000998,savings_transfer,1454.4,monthly
100000999,mortgage_payment,1771.42,monthly
100000999,savings_transfer,546.43,monthly
100001000,rent_payment,5120.41,monthly
100001000,savings_transfer,807.15,monthly
100001001,mortgage_payment,10548.8,monthly
100001001,savings_transfer,2287.78,monthly
100001002,rent_payment,2105.65,monthly
100001002,savings_transfer,293.45,monthly
100001003,rent_payment,6800.8,monthly
100001003,savings_transfer,1260.58,monthly
100001004,mortgage_payment,4981.91,monthly
100001004,savings_transfer,1100.44,monthly
100001005,mortgage_payment,2321.13,monthly
100001005,savings_transfer,399.6,monthly
100001006,mortgage_payment,3097.04,monthly
100001006,savings_transfer,1055.56,monthly
100001007,mortgage_payment,3814.65,monthly
100001007,savings_transfer,703.36,monthly
100001008,rent_payment,3342.57,monthly
100001008,savings_transfer,558.62,monthly
100001009,mortgage_payment,5426.26,monthly
100001009,savings_transfer,864.64,monthly
100001010,rent_payment,3051.47,monthly
100001010,savings_transfer,588.77,monthly
100001011,mortgage_payment,3622.31,monthly
100001011,savings_transfer,1043.27,monthly
100001012,mortgage_payment,7888.27,monthly
100001012,savings_transfer,1777.71,monthly
100001013,rent_payment,1748.0,monthly
100001013,savings_transfer,706.82,monthly
100001014,mortgage_payment,2497.98,monthly
100001014,savings_transfer,297.44,monthly
100001015,rent_payment,2564.16,monthly
100001015,savings_transfer,1177.89,monthly
100001016,rent_payment,1327.24,monthly
100001016,savings_transfer,284.83,monthly
100001017,mortgage_payment,3365.05,monthly
100001017,savings_transfer,578.47,monthly
100001018,rent_payment,2855.41,monthly
100001018,savings_transfer,447.74,monthly
100001019,rent_payment,2347.06,monthly
100001019,savings_transfer,432.04,monthly
100001020,mortgage_payment,2525.43,monthly
100001020,savings_transfer,380.02,monthly
100001021,mortgage_payment,4536.25,monthly
100001021,savings_transfer,876.51,monthly
100001022,mortgage_payment,2814.0,monthly
100001022,savings_transfer,609.39,monthly
100001023,mortgage_payment,5114.84,monthly
100001023,savings_transfer,1297.7,monthly
100001024,rent_payment,9592.64,monthly
100001024,savings_transfer,2991.01,monthly
100001025,rent_payment,3686.64,monthly
100001025,savings_transfer,785.8,monthly
100001026,mortgage_payment,7110.99,monthly
100001026,savings_transfer,1518.66,monthly
100001027,rent_payment,3133.32,monthly
100001027,savings_transfer,936.17,monthly
100001028,mortgage_payment,3815.64,monthly
100001028,savings_transfer,725.76,monthly
100001029,mortgage_payment,1228.4,monthly
100001030,rent_payment,2046.19,monthly
100001030,savings_transfer,408.22,monthly
100001031,rent_payment,8001.97,monthly
100001031,savings_transfer,2325.96,monthly
100001032,mortgage_payment,10576.82,monthly
100001032,savings_transfer,2509.02,monthly
100001033,rent_payment,3360.33,monthly
100001033,savings_transfer,1248.25,monthly
100001034,mortgage_payment,1604.41,monthly
100001035,rent_payment,2815.19,monthly
100001035,savings_transfer,1381.14,monthly
100001036,mortgage_payment,4796.74,monthly
100001036,savings_transfer,1014.17,monthly
100001037,rent_payment,1690.22,monthly
100001037,savings_transfer,187.39,monthly
100001038,mortgage_payment,6969.08,monthly
100001038,savings_transfer,1467.64,monthly
100001039,mortgage_payment,4146.14,monthly
100001039,savings_transfer,935.58,monthly
100001040,mortgage_payment,1578.53,monthly
100001040,savings_transfer,342.36,monthly
100001041,rent_payment,3643.97,monthly
100001041,savings_transfer,1421.95,monthly
100001042,mortgage_payment,7599.46,monthly
100001042,savings_transfer,1743.9,monthly
100001043,rent_payment,4682.15,monthly
100001043,savings_transfer,1214.12,monthly
100001044,mortgage_payment,1621.75,monthly
100001044,savings_transfer,162.68,monthly
100001045,mortgage_payment,3281.17,monthly
100001045,savings_transfer,388.95,monthly
100001046,rent_payment,1487.05,monthly
100001046,savings_transfer,244.31,monthly
100001047,mortgage_payment,5915.17,monthly
100001047,savings_transfer,1043.61,monthly
100001048,rent_payment,2979.33,monthly
100001048,savings_transfer,566.73,monthly
100001049,mortgage_payment,7035.71,monthly
100001049,savings_transfer,1528.37,monthly
100001050,rent_payment,4896.04,monthly
100001050,savings_transfer,2009.21,monthly
100001051,rent_payment,7191.8,monthly
100001051,savings_transfer,1591.75,monthly
100001052,rent_payment,2854.48,monthly
100001052,savings_transfer,695.74,monthly
100001053,mortgage_payment,1575.84,monthly
100001053,savings_transfer,297.68,monthly
100001054,rent_payment,3122.36,monthly
100001054,savings_transfer,663.43,monthly
100001055,rent_payment,3209.33,monthly
100001055,savings_transfer,582.47,monthly
100001056,mortgage_payment,8851.31,monthly
100001056,savings_transfer,953.41,monthly
100001057,mortgage_payment,8299.15,monthly
100001057,savings_transfer,2322.47,monthly
100001058,rent_payment,1431.73,monthly
100001058,savings_transfer,256.32,monthly
100001059,mortgage_payment,6925.83,monthly
100001059,savings_transfer,2434.17,monthly
100001060,mortgage_payment,1585.59,monthly
100001060,savings_transfer,198.26,monthly
100001061,mortgage_payment,3360.28,monthly
100001061,savings_transfer,1077.44,monthly
100001062,rent_payment,1726.46,monthly
100001063,mortgage_payment,4298.93,monthly
100001063,savings_transfer,799.89,monthly
100001064,mortgage_payment,2839.87,monthly
100001064,savings_transfer,657.22,monthly
100001065,mortgage_payment,9589.87,monthly
100001065,savings_transfer,3965.23,monthly
100001066,mortgage_payment,4605.61,monthly
100001066,savings_transfer,759.57,monthly
100001067,rent_payment,4834.45,monthly
100001067,savings_transfer,761.69,monthly
100001068,mortgage_payment,10536.7,monthly
100001068,savings_transfer,3536.98,monthly
100001069,rent_payment,1749.36,monthly
100001069,savings_transfer,233.32,monthly
100001070,rent_payment,1350.76,monthly
100001070,savings_transfer,215.31,monthly
100001071,rent_payment,5249.18,monthly
100001071,savings_transfer,638.32,monthly
100001072,rent_payment,4016.74,monthly
100001072,savings_transfer,1036.05,monthly
100001073,mortgage_payment,5184.38,monthly
100001073,savings_transfer,1363.86,monthly
100001074,mortgage_payment,7339.49,monthly
100001074,savings_transfer,1201.28,monthly
100001075,rent_payment,3186.5,monthly
100001075,savings_transfer,892.82,monthly
100001076,rent_payment,4324.11,monthly
100001076,savings_transfer,1573.08,monthly
100001077,mortgage_payment,9172.03,monthly
100001077,savings_transfer,3199.12,monthly
100001078,rent_payment,4326.31,monthly
100001078,savings_transfer,720.55,monthly
100001079,mortgage_payment,3410.65,monthly
100001079,savings_transfer,609.5,monthly
100001080,rent_payment,2217.0,monthly
100001080,savings_transfer,609.52,monthly
100001081,rent_payment,5283.6,monthly
100001081,savings_transfer,926.87,monthly
100001082,mortgage_payment,5427.82,monthly
100001082,savings_transfer,747.87,monthly
100001083,mortgage_payment,4858.14,monthly
100001083,savings_transfer,983.07,monthly
100001084,mortgage_payment,5534.53,monthly
100001084,savings_transfer,917.4,monthly
100001085,mortgage_payment,2294.77,monthly
100001085,savings_transfer,317.33,monthly
100001086,rent_payment,2808.91,monthly
100001086,savings_transfer,307.37,monthly
100001087,rent_payment,1752.71,monthly
100001087,savings_transfer,425.58,monthly
100001088,rent_payment,3369.78,monthly
100001088,savings_transfer,718.95,monthly
100001089,rent_payment,7947.03,monthly
100001089,savings_transfer,3009.19,monthly
100001090,mortgage_payment,4644.45,monthly
100001090,savings_transfer,792.48,monthly
100001091,rent_payment,2142.19,monthly
100001091,savings_transfer,477.3,monthly
100001092,rent_payment,2027.29,monthly
100001092,savings_transfer,507.47,monthly
100001093,rent_payment,6354.95,monthly
100001093,savings_transfer,1025.45,monthly
100001094,mortgage_payment,1516.99,monthly
100001094,savings_transfer,240.49,monthly
100001095,mortgage_payment,2089.08,monthly
100001095,savings_transfer,479.17,monthly
100001096,mortgage_payment,3563.44,monthly
100001096,savings_transfer,780.47,monthly
100001097,rent_payment,3377.07,monthly
100001097,savings_transfer,666.19,monthly
100001098,rent_payment,1843.72,monthly
100001098,savings_transfer,525.04,monthly
100001099,mortgage_payment,3485.85,monthly
100001099,savings_transfer,852.67,monthly
100001100,mortgage_payment,9477.71,monthly
100001100,savings_transfer,3099.64,monthly
100001101,rent_payment,4343.38,monthly
100001101,savings_transfer,615.72,monthly
100001102,rent_payment,3381.55,monthly
100001102,savings_transfer,419.78,monthly
100001103,rent_payment,3972.66,monthly
100001103,savings_transfer,887.05,monthly
100001104,rent_payment,7316.42,monthly
100001104,savings_transfer,1386.33,monthly
100001105,rent_payment,1113.83,monthly
100001106,mortgage_payment,1259.15,monthly
100001106,savings_transfer,233.55,monthly
100001107,rent_payment,2898.03,monthly
100001107,savings_transfer,440.97,monthly
100001108,rent_payment,2173.72,monthly
100001108,savings_transfer,335.67,monthly
100001109,rent_payment,3995.83,monthly
100001109,savings_transfer,1018.69,monthly
100001110,mortgage_payment,2155.63,monthly
100001110,savings_transfer,308.28,monthly
100001111,rent_payment,3594.68,monthly
100001111,savings_transfer,1075.36,monthly
100001112,mortgage_payment,9407.72,monthly
100001112,savings_transfer,1439.12,monthly
100001113,rent_payment,848.93,monthly
100001113,savings_transfer,161.95,monthly
100001114,rent_payment,4570.17,monthly
100001114,savings_transfer,1449.81,monthly
100001115,rent_payment,1161.71,monthly
100001116,mortgage_payment,2375.95,monthly
100001116,savings_transfer,524.91,monthly
100001117,rent_payment,2661.5,monthly
100001117,savings_transfer,587.07,monthly
100001118,mortgage_payment,5636.38,monthly
100001118,savings_transfer,1094.42,monthly
100001119,rent_payment,3274.29,monthly
100001119,savings_transfer,862.54,monthly
100001120,mortgage_payment,5952.27,monthly
100001120,savings_transfer,913.58,monthly
100001121,rent_payment,9975.42,monthly
100001121,savings_transfer,3315.79,monthly
100001122,rent_payment,1440.71,monthly
100001123,rent_payment,1822.96,monthly
100001124,mortgage_payment,5912.81,monthly
100001124,savings_transfer,1074.03,monthly
100001125,rent_payment,2546.62,monthly
100001126,mortgage_payment,2589.61,monthly
100001126,savings_transfer,513.29,monthly
100001127,mortgage_payment,1658.61,monthly
100001127,savings_transfer,189.04,monthly
100001128,mortgage_payment,3138.89,monthly
100001128,savings_transfer,671.71,monthly
100001129,rent_payment,7336.96,monthly
100001129,savings_transfer,1963.5,monthly
100001130,mortgage_payment,4214.01,monthly
100001130,savings_transfer,567.43,monthly
100001131,mortgage_payment,3170.4,monthly
100001131,savings_transfer,576.04,monthly
100001132,mortgage_payment,1421.43,monthly
100001132,savings_transfer,154.1,monthly
100001133,rent_payment,3840.43,monthly
100001133,savings_transfer,1037.44,monthly
100001134,mortgage_payment,3528.31,monthly
100001134,savings_transfer,866.12,monthly
100001135,rent_payment,4158.29,monthly
100001135,savings_transfer,1189.45,monthly
100001136,rent_payment,1393.96,monthly
100001137,mortgage_payment,7239.53,monthly
100001137,savings_transfer,1858.88,monthly
100001138,mortgage_payment,6036.22,monthly
100001138,savings_transfer,1854.9,monthly
100001139,rent_payment,3400.16,monthly
100001139,savings_transfer,1024.74,monthly
100001140,rent_payment,4588.44,monthly
100001140,savings_transfer,697.32,monthly
100001141,rent_payment,1047.33,monthly
100001141,savings_transfer,240.07,monthly
100001142,mortgage_payment,5531.52,monthly
100001142,savings_transfer,1072.42,monthly
100001143,rent_payment,2992.55,monthly
100001143,savings_transfer,767.18,monthly
100001144,mortgage_payment,3451.98,monthly
100001144,savings_transfer,634.61,monthly
100001145,rent_payment,1573.29,monthly
100001145,savings_transfer,332.99,monthly
100001146,mortgage_payment,3246.51,monthly
100001146,savings_transfer,919.12,monthly
100001147,rent_payment,1444.37,monthly
100001147,savings_transfer,285.36,monthly
100001148,rent_payment,5395.83,monthly
100001148,savings_transfer,1034.47,monthly
100001149,rent_payment,7011.28,monthly
100001149,savings_transfer,1575.66,monthly
100001150,rent_payment,2978.41,monthly
100001150,savings_transfer,487.3,monthly
100001151,mortgage_payment,2999.45,monthly
100001151,savings_transfer,260.2,monthly
100001152,mortgage_payment,5441.75,monthly
100001152,savings_transfer,1302.33,monthly
100001153,mortgage_payment,9934.81,monthly
100001153,savings_transfer,2949.93,monthly
100001154,rent_payment,8539.24,monthly
100001154,savings_transfer,3597.65,monthly
100001155,mortgage_payment,11077.74,monthly
100001155,savings_transfer,3602.3,monthly
100001156,mortgage_payment,9062.23,monthly
100001156,savings_transfer,2801.42,monthly
100001157,mortgage_payment,1330.13,monthly
100001157,savings_transfer,245.54,monthly
100001158,rent_payment,9618.75,monthly
100001158,savings_transfer,2839.03,monthly
100001159,mortgage_payment,7429.09,monthly
100001159,savings_transfer,856.88,monthly
100001160,mortgage_payment,4458.77,monthly
100001160,savings_transfer,407.82,monthly
100001161,rent_payment,3929.03,monthly
100001161,savings_transfer,1083.32,monthly
100001162,mortgage_payment,5509.43,monthly
100001162,savings_transfer,1968.28,monthly
100001163,mortgage_payment,4010.67,monthly
100001163,savings_transfer,385.1,monthly
100001164,rent_payment,1446.98,monthly
100001164,savings_transfer,290.44,monthly
100001165,mortgage_payment,4886.23,monthly
100001165,savings_transfer,1065.57,monthly
100001166,rent_payment,3415.71,monthly
100001166,savings_transfer,1334.58,monthly
100001167,rent_payment,10138.08,monthly
100001167,savings_transfer,2005.68,monthly
100001168,mortgage_payment,1146.18,monthly
100001168,savings_transfer,257.13,monthly
100001169,mortgage_payment,4506.53,monthly
100001169,savings_transfer,469.29,monthly
100001170,mortgage_payment,4171.96,monthly
100001170,savings_transfer,814.7,monthly
100001171,rent_payment,1636.04,monthly
100001172,mortgage_payment,11557.43,monthly
100001172,savings_transfer,3422.7,monthly
100001173,rent_payment,5656.65,monthly
100001173,savings_transfer,1223.48,monthly
100001174,mortgage_payment,2267.4,monthly
100001174,savings_transfer,376.21,monthly
100001175,mortgage_payment,4994.99,monthly
100001175,savings_transfer,555.5,monthly
100001176,rent_payment,1142.91,monthly
100001176,savings_transfer,173.78,monthly
100001177,mortgage_payment,9403.96,monthly
100001177,savings_transfer,2526.31,monthly
100001178,mortgage_payment,1697.37,monthly
100001179,rent_payment,1507.41,monthly
100001179,savings_transfer,348.45,monthly
100001180,mortgage_payment,10034.4,monthly
100001180,savings_transfer,2944.48,monthly
